1,Алексей Голощапов
2,Виктория Володина
3,Итан Маркотт
4,Алекс Эллайн
5,Грегор Хоп
5,Бобби Вульф
6,Кристиан Нагел
6,Билл Ивьен
6,Джей Глинн
6,Карли Уотсон
6,Морган Скиннер
7,Стивен О'Брайен
8,Николас Закас
9,Стивен С. Скиена
10,Карл И. Вигерс
10,Джой Битти
12,Джозеф Албахари
12,Бен Албахари
13,Кармен Делессио
13,Лорен Дэрси
13,Шейн Кондер
14,Мэт Зандстра
15,Марк Декстер
15,Луис Лэндри
16,Герберт Шилдт
17,Саймон Паркин
18,Рето Майер
19,Андрей Александреску
21,Стефан Рэнди Дэвис
22,Владимир Шаньгин
23,Авинаш Кошик
24,Эрих Гамма
24,Ричард Хелм
24,Ральф Джонсон
24,Джон Влиссидес
25,Дональд Эрвин Кнут
26,Майкл Фриман
27,Люк Веллинг
27,Лаура Томсон
28,Майкл Фриман
29,Митио Каку
30,Эндрю Таненбаум
30,Х. Бос
31,Дэвид Флэнаган
32,Лариса Суркова
33,Стивен Кочан
34,Стенли Б. Липпман
34,Жози Лажойе
34,Барбара Э. Му
35,А. Белов
36,Дэвид Сойер Макфарланд
37,Дэвид Паттерсон
37,Джон Хеннесси
38,Стивен Фейерштейн
38,Билл Прибыл
39,Рэнди Крам
40,Роберт И. Кабаков
41,Сергей Тепляков
42,Джейсон Мак-Колм Смит
43,Генри С. Уоррен мл.
44,Рэнд Моримото
44,Майкл Ноэл
44,Гай Ярдени
44,Крис Амарис
44,Эндрю Аббат
45,Джон Уокенбах
46,Эрик Фримен
46,Элизабет Робсон
47,Джон Э. Хопкрофт
47,Раджив Мотвани
47,Джеффри Д. Ульман
48,Брюс Эккель
49,Гленфорд Майерс
49,Том Баджетт
49,Кори Сандлер
50,Джон Резиг
50,Беэр Бибо
51,Мэтью Макдональд
52,Марк Лутц
53,Стивен А. Раго
53,Уильям Ричард Стивенс
54,Прамодкумар Дж. Садаладж
54,Мартин Фаулер
55,Адам Фримен
56,Робин Никсон
57,Леса Снайдер
58,Стоян Стефанов
59,Николас Закас
60,Адам Фримен
61,Крэг Ларман
62,Йен Гриффитс
63,Рэй Брэдбери
64,Юрий Сениченков
64,Юрий Колесов
65,А. Гуреев
65,А. Харитонов
66,Р. Прокди
66,Николай Темирязев
66,Мария Финкова
67,Олег Калашников
68,Владимир Михайлов
69,Александр Бондарь
70,Лариса Маликова
70,Александр Пылькин
71,Марти Кэган
72,Юрий Магда
73,Денис Колисниченко
74,Борис Березин
74,Сергей Березин
75,Сет Ллойд
77,Андрей Гарнаев
78,Роберт К. Мартин
79,Дэн Сидерхолм
80,Левин Эдвардс
81,Максимилиано Фиртман
82,Александр Поляк-Брагинский
83,Алексей Боресков
84,А. Рассел Джонс
85,Виктор Петин
86,Дэвид Конгер
87,Владимир Мачула
88,Дмитрий Ляпин
88,Александр Никитин
89,Денис Колисниченко
90,Эндрю Троелсен
91,Марина Виннер
91,Владимир Дачников
92,Роман Клименко
93,Кевин Д. Митник
93,Уильям Л. Саймон
94,Александр Иванов
95,Юлия Гиппенрейтер
96,Михаэль Хофманн
97,Кэрол Вордерман
97,Джон Вудкок
97,Шон Макманус
97,Крейг Стили
97,Клэр Куигли
97,Дэниел Маккаферти
98,Джейсон Сандерс
98,Эдвард Кэндрот
99,Кристина Николас Лоренте
99,Лаура Николас Лоренте
100,Любовь Маркелова
101,Р. Эшли
101,Д. Фернандес
102,Евгений Шикин
102,Алексей Боресков
103,Ш. Атре
104,Евгений Зуев
105,Евгений Шикин
105,Алексей Боресков
105,Андрей Зайцев
106,Валерий Фаронов
107,Чед Фаулер
108,Николай Войников
109,Иван Жуков
110, Мир ПК
111, ИД «Бурда»
112, Открытые системы
113,Александр Заика
114,Роман Клименко
115,Эрик Фримен
115,Элизабет Робсон
116,Lynn Karoly
116,Carsten Schroder
117,Елена Вакуленко
117,Роман Леухин
118,Борис Ярмахов
118,Людмила Рождественская
119,Виктор Айнберг
119,Юрий Геронимус
120,Kaare Christian
121,Василий Леонов
122,А. Жаров
123,Виталий Леонтьев
124,Дмитрий Аглицкий
124,Сергей Любченко
126, Журнал Publish
127,Донна Тартт
128,Денис Колисниченко
129,Владимир Дронов
130,Алексей Гладкий
131,Юрген Хульцебош
132,Александр Сергиенко
133, ИД «Бурда»
134, Открытые системы
135,Николай Молдовян
136,Александр Бондарь
137,Джозеф Майо
138,Алексей Чекмарев
139,Дмитрий Осипов
140,Кристиан Хаас
141,Дмитрий Миронов
142,Василий Леонов
143,Анатолий Черепанов
144, Шилд Герберт
145,Александр Щербина
146, ИД «Бурда»
147, Открытые системы
148,Виталий Леонтьев
149,Дэвид Скляр
149,Адам Трахтенберг
150,Адриан Дэвис
151,Дэвид Роуз
152,Кей Хостманн
153,Nick Montfort
154,Иван Жуков
155,Владислав Юров
156,Тобиас Клейн
157,Евгений Комаровский
158,Ицик Бен-Ган
159, Мир ПК
160, Открытые системы
161,Владимир Щербина
162,Александр Горелик
163,Владимир Горбаченко
164,Алла Солонина
165,Тимур Машнин
166,Вячеслав Тозик
166,Ольга Ушакова
167,Тимур Машнин
168,Елена Кирьянова
168,Дмитрий Кирьянов
169,Kuassi Mensah
170,Марина Виннер
172,Евгений Ищенко
173,Вера Заботкина
173,Екатерина Голубкова
173,Максим Кронгауз
173,Игорь Шаронов
173,Елена Позднякова
173,Екатерина Суворина
173,Елена Боярская
173,Ольга Заячковская
173,Мария Коннова
173,Артемий Котов
174,Нина Комолова
174,Елена Яковлева
175,Andy McVittie
176,Денис Колисниченко
177,Вадим Дунаев
178,Иван Жуков
179,Тенгиз Куправа
180,Л. Матвеев
180,В. Вишневский
180,Р. Прокди
181,Мария Скулович
182,Владимир Михайлов
182,Марина Дремова
183,А. Кропп
183,И. Загудаев
183,Р. Прокди
184,Дж. Д. Байерсдорфер
185,Евгений Ройтман
185,Юрий Шафрин
185,Юрий Шаров
186,Марина Виннер
187, ИД «Бурда»
188, Открытые системы
190, ИД «Бурда»
191,А. Панюкова
191,Т. Макаровских
191,В. Дударева
192,С. Кулик
194,М. Казаков
194,Е. Крючкова
195,Василий Леонов
196,Владимир Пташинский
197,Стив Паркер
199,М. Юдин
199,А. Куприянова
199,Р. Прокди
200,Иван Кузьмин
200,Валентин Кедрус
201,Л. Поддубная
201,Евгений Поддубный
201,Светлана Голова
202,Жак Пуайен
202,Жанна Пуайен
203,Валентин Соломенчук
204,Марк Эдуард Соупер
205,Алекс Экслер
206,Алина Федорова
207,Лео Броуди
208,Валентин Соломенчук
209,Чэн Ши-Као
210,Михаил Пономарев
211,Ларри Твен
212,Тим Шин
214,Мария Филимончук
215,Грег Перри
215, Миллер Дин У.
217,Сэм Р. Алапати
218, Открытые системы
219,Масару Ибука
220,Геннадий Кутищев
221, Открытые системы
222,В. Шитов
223,Дмитрий Виницкий
224,Евгения Пастернак
225,Бенджи Рэбхэн
226,Анатолий Малюк
227,Сергей Бубнов
227,Алексей Бубнов
227,Илья Овчинников
228,Н. Жарков
228,М. Финков
228,Р. Прокди
229,Энтони Гонсалвес
230,Николас Дж. Карр
231,Сергей Кашаев
232, ИД «Бурда»
233,М. Айзек
233,М. Финков
233,Р. Прокди
234,И. Воронина
234,А. Редькин
235,Сергей Юнусов
235,Анатолий Рессин
235,Максим Фиошин
236,Андрей Кочетов
237,В. Серогодский
237,А. Рогозин
237,Д. Козлов
237,А. Дружинин
237,Р. Прокди
238,Владимир Редько
239,Иван Жуков
240,Иван Жуков
241,Валентин Холмогоров
242,Василий Халявин
243,Анатолий Енин
243,Николай Енин
244,М. Матвеев
244,М. Юдин
244,Р. Прокди
245,Джеффри Рихтер
245,Мартен ван де Боспурт
246,Трейси Пайлон
246,Дэн Пилон
247,Алексей Лебедев
248,Кристофер Негус
249,Роман Петелин
249,Юрий Петелин
250,Леандро Карвальо
251,Борис Акунин
252,Todd Palamar
253,Павел Гончаров
253,Игорь Артамонов
253,Тимур Халитов
253,Сергей Денисихин
253,Дина Сотник
254,Павел Ведмидь
254,А. Сулинов
255, Открытые системы
256,Митио Каку
257,Михаил Райтман
258,Александр Андрейчиков
258,Ольга Андрейчикова
259,Кирилл Сухов
260,Вячеслав Кильдишов
261,Леса Снайдер
262,Александр Андрейчиков
262,Ольга Андрейчикова
263, ИД «Бурда»
264, ИД «Бурда»
265,Дэвид Кушнер
266,Нина Дмитриева
267,Леса Снайдер
268,Виталий Леонтьев
269,Вячеслав Кошелев
271, ИД «Бурда»
272, ИД «Бурда»
273, Открытые системы
274, Мир ПК
275, Открытые системы
276, Журнал Publish
278,Александр Каплун
278,Евгений Морозов
278,Маргарита Олферьева
279,Пол Батчер
280,Аарон Уолтер
280,Элиот Стокс
280,Пол Боуг
280,Рэйчел Эндрю
280,Бен Шварц
280,Дэвид Стори
280,Ли Веру
280,Кристиан Хейлманн
280,Дмитрий Фадеев
280,Марк Джозеф Эдвардс
280,Арэл Балкан
280,Стивен Хей
280,Энди Кларк
282,Елена Хрусталева
283,Георгий Рапопорт
283,Андрей Герц
284,Игорь Муштоватый
284,Е. Балабайченко
284,Г. Лебедева
285,Алексей Лебедев
286,Эндрю Стиллмен
286,Дженнифер Грин
287,Эрик Фримен
287,Элизабет Робсон
288,Василий Леонов
290,Reza Alirezaei
290,Brendon Schwartz
290,Matt Ranlett
290,Скотт Хиллайер
290,Brian Wilson
290,Jeff Fried
290,Paul J. Swider
291,Гаутам Верма
291,Мэтт Вебер
292,Лайза Сабин-Вильсон
293,Мэтт Вайсфельд
294,Дэн Пайлон
294,Трейси Пайлон
295,Ирина Спира
296,Дмитрий Миронов
297,Каллум Хопкинс
298,Патрик Нимейер
298,Дэниэл Леук
299,Марина Виннер
299,Ренат Янбеков
300, Коллектив авторов
301,Кирилл Шагаков
302,Вячеслав Шершаков
302,Эдуард Трахтенгерц
302,Дмитрий Камаев
303,Владимир Бубнов
304,Кристофер Нигас
304,Eric Foster-Johnson
305,Людмила Сиденко
306,Джером Ф. Димарцио
307,Виктор Запаренко
308,Дмитрий Виницкий
309,Александр Гришин
310,Александр Гришин
311,Александр Гришин
312,Алексей Гладкий
313,Каллум Хопкинс
314,Патрик Нимейер
314,Дэниэл Леук
315,Дмитрий Миронов
316,Алексей Васильев
317,Дмитрий Миронов
318,Владимир Прохоренков
319, Мир ПК
320, Открытые системы
321, Открытые системы
322,Вячеслав Кошелев
323,М. Соколянская
323,Анна Трубникова
324,Вольфганг Гилой
325,Эстель Вейл
326,Виктор Корсаков
327,Николай Полещук
328,Давид Юдин
329,Дебу Панда
329,Реза Рахман
329,Райан Купрак
329,Майкл Ремижан
330,Скотт Онстотт
331,Эрик Чэпел
332,Александр Харуто
333,Дэвид Д. Буш
334, Мир ПК
335, Журнал Publish
336,Рафаэлло Чекко
337,Пол Дейтел
337,Харви Дейтел
338, Открытые системы
339,Марина Виннер
339,Ренат Янбеков
340,Джеффри Д. Ульман
341, Открытые системы
342,Уильям Р. Станек
343,Сергей Тарасов
344,Джеймс Вандезанд
344,Фил Рид
344,Эдди Кригел
345,Анатолий Севашко
346,Крейг Уоллс
347,Рэндал У. Биард
347,Тимоти У. МакЛэйн
348,Сергей Тарасов
349,Эрик Келлер
350,Ирина Спира
351,Александр Макаров
352,Александр Фрунзе
353,Владимир Вишневский
353,О. Семенова
354,Мария Филимончук
355,Сергей Смирнов
356,Виктор Большаков
356,Андрей Бочков
356,Ю. Лячек
357,А. Орлов
358,Евгения Тучкевич
359,Стив Макконнелл
360,Александр Левин
361,Питер Сайбель
362,Михаил Райтман
363,Ангелина Яковлева
364,Ренат Абуталипов
364,Александр Остапчук
365,Александр Таганов
366,Джесс Чедвик
366,Хришикеш Панда
366,Тодд Снайдер
367,Юлия Сырых
368,Уэнделл Одом
369,Бьярне Страуструп
370,Джозеф Албахари
370,Бен Албахари
371,Дмитрий Виницкий
372,Кэтрин Айсманн
372,Шон Дугган
372,Тим Грей
373,Стивен Р. Кови
374,Александр Гришин
375, Открытые системы
376,Любовь Левина
377,Франческо Чезарини
377,Симон Томпсон
378,Ирина Баранова
379,Владимир Успенский
380, Открытые системы
381, Открытые системы
382, Открытые системы
383,Алексей Шестеркин
384,Грэди Буч
384,Джеймс Рамбо
384,Айвар Якобсон
385,Виталий Леонтьев
386,Георгий Рапопорт
386,Андрей Герц
387, ИД «Бурда»
388, ИД «Бурда»
389, ИД «Бурда»
390, ИД «Бурда»
391, ИД «Бурда»
392, ИД «Бурда»
393,Максим Кидрук
394,Б. Кучеров
395,А. Людомир
395,В. Орлов
396, Открытые системы
397,А. Голубев
397,М. Звягин
397,Л. Семин
398,М. Марценюк
398,В. Поляков
398,И. Селетков
399,Mark Trostler
400,Уильям Р. Станек
401,Александр Кенин
402, ИД «Бурда»
403,Дэниел Киз
404, Мир ПК
405, Журнал Publish
406, ИД «Бурда»
407,Э. Семенюк
408,Сергей Гашков
409,Джозеф Джарратано
409,Гари Райли
410,Евгения Пастернак
411,Стивен Прата
412,Николай Смоленцев
413,Ребекка Триз
413,Маргарет Стефенс
413, Автор не указан
414,М. Юдин
414,А. Куприянова
414,Р. Прокди
415,Василий Леонов
416,Мигран Семерджян
416,Жанетта Налбандян
416,Левон Гаспарян
417,Мэтт Ричардсон
418,Виктор Афанасьев
419,Мария Скулович
420,Ирина Спира
421,Виктор Гольцман
422,Надежда Баловсяк
423,Виолетта Филатова
424,Андрей Жвалевский
424,Геннадий Кондратьев
425,Игорь Черноруцкий
426,Денис Колисниченко
427,Марина Дремова
427,Владимир Михайлов
428,Уильям Р. Станек
429,Мария Рыжкова
430,Евгения Пастернак
431,Роберт Лав
432,Андрей Орлов
433,Денис Колисниченко
434,Мария Козулина
435,Аркадий Стругацкий
435,Борис Стругацкий
436,Евгения Тучкевич
437,Нина Комолова
437,Елена Яковлева
438,Сиддхартха Рао
439,Лариса Цой
440,Дэйв Марк
440,Джек Наттинг
440,Джефф Ламарш
440,Фредрик Т. Олссон
441,Стивен Прата
442,О. Крохина
442,М. Полосина
442,М. Ханина
442,А. Рубель
443,Илья Балакаев
443,Алексей Ганков
443,Максим Гладиков
443,Александр Зенин
443,Александр Косулин
443,Наталья Кривуля
443,Борис Машковцев
443,Юлия Орлова
443,Надежда Рябцева
443,Павел Шведов
444, ИД «Бурда»
445,Ярослав Хетагуров
446,А. Бушуев
446,Р. Прокди
447,Дмитрий Осипов
448,Денис Колисниченко
449,Гэри Дэвид Боутон
450, ИД «Бурда»
451, Открытые системы
452, Открытые системы
453,Владимир Вьюгин
454,П. Олейник
454,Ю. Кураков
455,И. Шилин
455,А. Александров
456,Мэтью Макдональд
457,Мэтью Макдональд
458,Улли Соммер
459,Николай Красильников
460,Александр Никитин
460,Дмитрий Ляпин
461,Глеб Сенкевич
462,Нэнси Мюир
463,Барри Берд
465,Ольга Узорова
465,Елена Нефедова
466,Гай Харт-Дэвис
468,Анастасия Красичкова
469,Герберт Шилдт
470,Джеймс Гослинг
470,Билл Джой
470,Гай Л. Стил
470,Гилад Брача
470,Алекс Бакли
471,Владимир Талапов
472,Андрей Алямовский
473,Константин Климентьев
474,Чаз Эмерик
474,Брайен Карпер
474,Кристоф Гранд
475,Джеффри Тревис
475,Джим Кринг
476,Джин Ким
476,Кевин Бер
476,Джордж Спаффорд
478,Адриан Кинсли-Хьюз
478,Кэти Кингсли-Хьюджес
479,Сергей Глушаков
479,Владимир Мельников
479,Алексей Сурядный
480,Айвар Якобсон
480,Грэди Буч
480,Джеймс Рамбо
481,Александр Замулин
482, ИД «Бурда»
483,Александр Левин
484,Виталий Леонтьев
485,Виталий Леонтьев
486,Виталий Леонтьев
487,Робин Хантер
488,Леса Снайдер
489, Открытые системы
490,Алексей Гурин
490,Александр Жарких
490,Василий Пластунов
491,Уэйн Л. Винстон
492,Василий Леонов
493,Крис Касперски
494,Петр Бибило
495,Виктор Олимпов
496,А. Лысковский
496,С. Баричев
497,Морис Х. Холстед
498,Виталий Леонтьев
499,Михаил Зайцев
500,Наталья Литвиненко
501, Открытые системы
502, Журнал Publish
503, Открытые системы
505,Д. Кольчугина
505,М. Лебешева
505,Елена Серегина
505,Галина Солдатова
506,Владимир Михайлов
507,Д. Кольчугин
507,М. Лебешева
507,Елена Серегина
507,Г. Солдатова
508,Ольга Масленикова
509,Ирина Спира
510,Ирина Спира
511,Стивен Прата
512,Андрей Жвалевский
513,Николай Полещук
514,Борис Пахомов
515,Даан Френкель
515,Беренд Смит
516,Чад Фаулер
518,Джо Мараско
520,Людмила Болотова
520,Александр Новиков
520,Анна Никишина
520,М. Сурхаев
521,Андрей Прахов
522,Роман Петелин
522,Юрий Петелин
523,Софья Скрылина
524,Роман Петелин
524,Юрий Петелин
525,Александр Кенин
526,Александр Есипов
528,Сергей Хворостухин
529,А. Ермолин
530,В. Корнеев
530,А. Куприянова
531,Сергей Глушаков
531,Тимур Хачиров
532,Д. Кучеров
532,А. Куприянов
533,Оксана Мороз
534,Александр Кенин
535,Максим Бабенко
536,Дмитрий Кирьянов
536,Елена Кирьянова
537,Владимир Пташинский
538,Виталий Леонтьев
539,Варфоломей Собейкис
540,Александр Левин
541,Александр Харьковский
542,Д. Харви
542,И. Антипов
542,Р. Прокди
543,Денис Колисниченко
544,Евгений Самойлов
544,Владислав Перелыгин
545,Марина Хачирова
546,Дмитрий Кузан
546,Владимир Шапоров
547,Василий Леонов
548,Денис Колисниченко
549,Владимир Михайлов
550,Никита Культин
551,Александр Жадаев
552,Михаил Райтман
553,Никита Культин
554,А. Голышева
554,И. Клеандрова
554,Р. Прокди
555,Варфоломей Собейкис
556,Варфоломей Собейкис
557,Эшли Вэнс
558,Влад Мержевич
559,Борис Пахомов
560,Алексей Дубовцев
561,Андрей Гарнаев
562,Максим Кузнецов
562,Игорь Симдянов
562,Сергей Голышев
563,Галина Мирошниченко
564,Сергей Петров
565,Крис Касперски
566,Ростислав Чебыкин
567,Крис Касперски
568,Александр Бергер
568,Ирина Горбач
568,Эдуард Меломед
568,Владислав Щербинин
568,Виталий Степаненко
569,Михаил Еремеев
569,Александр Молдовян
569,Николай Молдовян
570, Журнал Publish
571, Открытые системы
572,Марсель Низамутдинов
573,Виталий Герасевич
574,Никита Культин
575,Владимир Вуль
576,Михаил Райтман
577,Анна Касаткина
577,Кирилл Шагаков
578,Сергей Борисов
579,Марина Виннер
580, Открытые системы
581, Открытые системы
582,Иван Жуков
583,Whitney Newey
583,Kenneth West
584,Питер Лурекас
584,Элейн Вейнманн
585,В. Джиган
586,Харпер Ли
587,Алан В. Оппенгейм
587,Рональд В. Шафер
588,Анна Касаткина
589,Марина Виннер
590,Владимир Пташинский
591,Оксана Мельникова
592,Дмитрий Алексеев
593,Василий Леонов
594,Василий Леонов
594,Дмитрий Миронов
595,Владимир Пташинский
596,Василий Леонов
597,Марина Виннер
598,Людмила Болотова
598,Александр Новиков
598,Анна Никишина
598,А. Данчул
599,В. Дударев
599,О. Филоретова
599,Г. Брыкина
600,Виталий Герасевич
601,Илья Цветков
601,Александр Черков
601,Сергей Михайлов
602,Александр Побегайло
603,Александр Чечельницкий
604,Марк Розенберг
604,Борис Клименко
605,Михаил Фленов
606,Максим Кузнецов
606,Игорь Симдянов
607,Наталья Рязанцева
607,Дмитрий Рязанцев
608,Виталий Потопахин
609,Андрей Шкрыль
610,Михаил Фленов
611,Алексей Гладкий
612,Марина Виннер
612,Маргарита Михайлова
613,П. Аракчеев
613,А. Пахомова
613,Р. Прокди
614,Дмитрий Миронов
615,Дмитрий Макарский
616,Алексей Знаменский
617,Марина Виннер
617,Марина Дремова
618,Джоджо Мойес
619,Рафаэл Гонсалес
619,Ричард Вудс
620, Открытые системы
621, Открытые системы
622, Мир ПК
623,Анна Шляхова
624,Никита Культин
624,Лариса Цой
625,Владимир Андрианов
626,Ольга Миловская
627,Александр Лебедев
628,Дмитрий Виницкий
629,Дино Эспозито
629,Франческо Эспозито
630,Дэвид Сойер Макфарланд
631,Владимир Пташинский
632,Мэтт Гэлловей
633,Эдди Османи
634,Андрей Жвалевский
635,Виктор Корсаков
636,Борис Кулагин
637,Людмила Омельченко
637,Дарья Шевякова
638,Алексей Старовойтов
639,Юрий Ревич
640,Анатолий Мотев
641,Николай Полещук
641,Петр Лоскутов
642,Людмила Скобликова
642,Владимир Дубянский
643,Виктор Пестриков
643,Артур Маслобоев
644,Светлана Тур
644,Татьяна Бокучава
645,Кирилл Шагаков
646,Владимир Пташинский
647,Марина Виннер
647,Мария Скулович
648,Анастасия Коптева
650,Куртис Фрай
651,Владимир Дьяконов
652,Денис Колисниченко
653, Морозов Евгений
654,Надежда Самылкина
654,Екатерина Островская
655,Елена Зорина
655,Михаил Зорин
656,Елена Зорина
656,Михаил Зорин
657, Открытые системы
658, Открытые системы
659,Виталий Леонтьев
660,Виталий Леонтьев
661,Луис Лазарис
662,Александр Венедюхин
663,Стив Кэплин
664,Хелен Борри
665,Оксана Грибова
666,Тимур Козырев
667,Скотт Келби
668, Открытые системы
669, Открытые системы
670,Дэвид Намани
671, Мир ПК
672,Александр Гольдштейн
672,Борис Гольдштейн
673,Борис Гольдштейн
673,Владимир Фрейнкман
674,Александр Гольдштейн
674,Борис Гольдштейн
675,Эстель Вейл
676,Александр Харуто
677, Журнал Publish
678, Открытые системы
679,Кирилл Шагаков
680,Алексей Знаменский
681,Кирилл Шагаков
682,Владимир Михайлов
683, Открытые системы
684, Журнал Publish
685, Открытые системы
686, Открытые системы
688, Коллектив авторов
689, Мир ПК
690, Коллектив авторов
691, Коллектив авторов
692, Коллектив авторов
693, Коллектив авторов
694, Коллектив авторов
695,Якоб Нильсен
695,Ралука Будиу
696,Кевин Янк
697,Терри Фельке-Моррис
698,Арнольд Виллемер
699,Иэн Гриффитс
700,Василий Леонов
701,Василий Романко
702,Николай Прокопенко
703,Света Смирнова
704,Axel Rauschmayer
705,Виктор Топильский
706,Валерий Очков
706,Алексей Александров
706,Елена Богомолова
706,Владимир Волощук
706,Всеволод Знаменский
706,Галина Кондакова
706,Андреас Лук
706,Константин Орлов
706,Алексей Очков
706,Алексей Пантелеев
706,Ко Чжо Ко
707,Кей С. Хорстманн
708,Иван Жуков
709,Вольфганг Гилой
710,Татьяна Панюкова
710,Анатолий Панюков
711,А. Пыжов
712,В. Масютин
712,В. Дударев
713,Ольга Жданович
716,А. Волков
716,Л. Рейнгольд
717,А. Волков
717,С. Мещерин
717,Д. Какауридзе
717,Е. Пустозеров
718,Людмила Болотова
718,Александр Новиков
718,Анна Никишина
719,Николай Прокимнов
719,В. Лаврентьев
719,К. Сергеев
720,Людмила Болотова
720,Александр Новиков
720,Анна Никишина
721,С. Харитонов
721,С. Плясова
722,Марина Виннер
723,Сергей Мазаник
724,С. Айвазян
724,М. Афанасьев
724,В. Руденко
725,Джон Левин
725,Маргарет Левин Янг
726,Илья Вяземский
726,Константин Лазарев
727,Лорен Дэрси
727,Шейн Кондер
728, Открытые системы
729,Марина Виннер
730,Роман Петелин
730,Юрий Петелин
731,Ольга Степаненко
732,Игорь Ощенко
733,Максимилиано Фиртман
734,Виктор Родионов
735,Душан Петкович
736,Глеб Сенкевич
737,Виктор Большаков
737,Вячеслав Тозик
737,Анна Чагина
738,Борис Пахомов
739,Аллен Дж. Тейлор
740,Скотт Келби
741,Ричард Вайнер
742,Софья Скрылина
743,Юрий Бекаревич
743,Нина Пушкина
744,Дмитрий Осипов
745,Нина Комолова
745,Елена Яковлева
746,Евгения Тучкевич
747,Денис Колисниченко
748,Николай Полещук
749,Евгения Тучкевич
750,Владимир Куперштейн
751,Алла Солонина
751,Сергей Перов
751,Татьяна Меркучева
751,Дмитрий Клионский
752,Бонни Бьяфоре
753,Денис Колисниченко
754,Денис Колисниченко
755,Сергей Пугачев
755,Ахмед Шериев
755,Константин Кичинский
756,М. Мелдман
756,Д. Маклеод
756,Роберт Пелликор
756,Моррис Сквайр
757,Нэнси Мюир
758,Брюс Тейт
758,Джастин Гетланд
759,Сергей Юнусов
759,Анатолий Рессин
759,Максим Фиошин
760,Сергей Юнусов
760,Анатолий Рессин
760,Максим Фиошин
761,Дженнифер Грин
761,Эндрю Стиллмен
763,Джеки Баваро
763,Гейл Макдауэлл
765,Уильям Росс Эшби
766,Сергей Кашаев
767,Лариса Цой
768,Дмитрий Сошников
768,Станислав Павлов
768,Сергей Пугачев
769, ИД «Бурда»
770,Владимир Печерских
770,Григорий Бельцев
771, Открытые системы
772, ИД «Бурда»
773, ИД «Бурда»
774, ИД «Бурда»
775, ИД «Бурда»
776, ИД «Бурда»
777, ИД «Бурда»
778, ИД «Бурда»
779, ИД «Бурда»
780, ИД «Бурда»
781, ИД «Бурда»
782, ИД «Бурда»
783, ИД «Бурда»
784, ИД «Бурда»
785, ИД «Бурда»
786, ИД «Бурда»
787, ИД «Бурда»
788, ИД «Бурда»
789, Мир ПК
790, ИД «Бурда»
791, ИД «Бурда»
792,Maqsood Alam
792,Aalok Muley
792,Chaitanya Kadaru
792,Ashok Joshi
793,Кирилл Шагаков
794, Открытые системы
795,Джон Уокенбах
796,А. Аввакумов
796,Н. Жарков
796,Р. Прокди
797,Миша Гертельман
798,Николай Андрианов
799,Виктор Зиборов
800,Скотт Беркун
801,Денис Колисниченко
802,Николай Полещук
803,Денис Колисниченко
804,Нина Комолова
805,Виктор Зиборов
806,Александр Фридман
807, Открытые системы
808, Открытые системы
809,Ж. Арсак
810,Дональд Мичи
810,Рори Джонстон
811,Любовь Левина
812,Виталий Леонтьев
814,Виталий Леонтьев
815,Виталий Леонтьев
816,Виталий Леонтьев
817,Виталий Леонтьев
818,Станислав Осмоловский
819,Тереза Нейл
820, ИД «Бурда»
821, ИД «Бурда»
822, ИД «Бурда»
823, ИД «Бурда»
824, ИД «Бурда»
825, ИД «Бурда»
826, ИД «Бурда»
827, ИД «Бурда»
828,Эллендея Проффер Тисли
829,Ицик Бен-Ган
831,Владимир Куперштейн
832,Михаил Фленов
833,Ник Фэрелл
834,Роберт Лафоре
835,Ричард С. Саттон
835,Эндрю Г. Барто
836,Б. Уильямс
836,Д. Дэмстра
836,Х. Стэрн
837,А. Рубин
837,И. Клеандрова
837,Р. Прокди
838,В. Серогодский
838,А. Дружинин
839,Джеймс Феличи
840,Тодд Лэммл
840,Кевин Хейлз
841,Пол Макфедрис
842,Майкл Фриман
843,Лусио Ди Джасио
844,Максим Власов
845,В. Иванова
845,А. Перерва
846,Джим Демарко
847,Вадим Прокопенко
848,Иван Скляров
849,Джойс Кокс
849,Джоан Преппернау
850,Марк Руссинович
850,Дэвид Соломон
850,А. Ионеску
851,Жерар Бикманс
852,Джозеф Албахари
852,Бен Албахари
853,Майкл Фриман
854,Дж. К. Макин
854,Анил Десаи
855,Ричард Берд
856,Виталий Леонтьев
859,Уильям Р. Станек
860,Stephanie Milton
860,Paul Soares Jr
860,Jordan Maron
861,Борис Добров
861,Владимир Иванов
861,Наталья Лукашевич
861,Валерий Соловьев
862,Тодд Мур
863,Рудольф Марек
864,Виктор Петин
865,Джефф Джонсон
866,Юрий Смирнов
867,Арун Гупта
868,Александр Поляк-Брагинский
869,Алексей Шипунов
869,Е. Балдин
869,Полина Волкова
869,А. Коробейников
869,С. Назарова
869,С. Петров
869,В. Суфиянов
870,Питер Гастон
871,Элеонора Ишкова
872,Джулиан Ассанж
872,Энди Мюллер-Магун
872,Джейкоб Аппельбаум
872,Жереми Циммерман
873,Тим Кедлек
874,Иван Коробко
875,Бен Форта
876,Анастасия Аверина
877,Юрий Магда
878,Денис Колисниченко
879,Барри Берд
880,Владимир Завгородний
881,Дональд Эрвин Кнут
882,Мэтт Ричардсон
882,Шон Уоллес
883,А. Холл
883,Р. Прокди
884,Пол Дейтел
884,Харви Дейтел
884,Г. Эйр
885,Татьяна Макаровских
886,Энди Ратбон
887,Н. Жарков
888,Джереми Блум
889,Майкл Доусон
890,Скотт А. Гелмерс
891,Питер Бойер
892,Джефри Макконнелл
893,Хилл Чапел
893,Фредерик Брукс
894,Михаил Райтман
895,Джером Ф. Димарцио
896,Йенс Эйкхофф
897,Кристиан Уэнц
898,Энтони Гонсалвес
900,Душан Петкович
901,Карл Чатфилд
901,Тимоти Д. Джонсон
902,Дэвид Вольф
903,Брайан Хоган
904,Сергей Тимофеев
905,Алексей Яковлев
905,Василий Ткачев
906,Роберт Лигуори
906,Патриция Лигуори
907,Джеймс Уиттакер
907,Джейсон Арбон
907,Джефф Каролло
908,Хуан Диего Гоше
909,Патрик Макнейл
911,Дэвид Гири
911,Кей С. Хорстманн
912,Чарльз Петцольд
913,Борис Вольфсон
914,Бенджи Рэбхэн
915,Джон Уокенбах
916,Ян Гойвертс
916,Стивен Левитан
917,Сергей Бабин
918,Дэвид Кушнер
919,Майк Кантелон
919,Марк Хартер
919,Натан Райлих
919, TJ Головайчук
920,Майк Кон
921,Денис Колисниченко
922,Герберт Шилдт
923,Галина Сингаевская
924,Юлия Сырых
925,Петер Флах
926,Чарльз Петцольд
927,Макс Шлее
928,Ицик Бен-Ган
928,Диджан Сарка
928,Рон Талмейдж
929,Тони Нортроп
929,Дж. К. Макин
930,Уоллес Вонг
931,Коичи Мацуда
931,Роджер Ли
932,М. Матвеев
932,М. Юдин
932,Р. Прокди
933,Михаил Фленов
934,Робин Никсон
935,Николай Прохоренок
936,Боб Гордон
936,Мэгги Гордон
937,Пол Дейтел
937,Харви Дейтел
938,Бенджамин Эванс
938,Мартин Вербург
939,Эд Уилсон
940,Тодд Лэммл
941,Сэмми Пьюривал
942,Мэтт Гэлловей
943,Ицик Бен-Ган
944,Михаил Фленов
945,Грег Перри
945,Дин Миллер
946,Уильям Р. Станек
947,Уильям Р. Станек
948,Марк Симан
949,Пенни Уорнер
950,Фрэд Лонг
950,Дхрув Мохиндра
950,Роберт С. Сиакорд
950,Дин Сазерленд
950,Дэвид Свобода
951,Геннадий Бузов
952,Алехандро Серано Мена
953,Бен Клеменс
955,Майкл С. Миковски
955,Джош К. Пауэлл
956,Пол Дейтел
956,Харви Дейтел
956,Эби Дейтел
956,Майк Моргано
957,Сэм Руби
957,Дэйв Томас
957,Дэвид Хейнмейер Ханссон
958,Марк Лутц
959,Яна Франк
960,Фред Хеберт
961,Расс Унгер
961,Кэролайн Чендлер
962,Вандад Нахавандипур
963,Виталий Леонтьев
964,Терри Фельке-Моррис
965,Роберто Иерузалимски
966,Герберт Шилдт
968,Томас Х. Кормен
969,Алан Купер
970,Сидни Фейт
972,Мэтт Нойбург
973,Патрик Макнейл
974,Александр Горелик
975,Кей С. Хорстманн
975,Гари Корнелл
976,Бретт Маклафлин
977,Билл Джелен
977,Майкл Александер
978,Джон Скит
979,Джон Эриксон
