1,Google Android. Создание приложений для смартфонов и планшетных ПК,ID 27256517,БХВ-Петербург,769
2,Альбом по развитию речи,ID 1632697,Росмэн-Пресс,178
3,Отзывчивый веб-дизайн,ID 8747299,"Манн, Иванов и Фербер",765
4,C++. От ламера до программера,ID 31486135,Питер,861
5,Шаблоны интеграции корпоративных приложений,ID 3083192,Вильямс,2 495
6,C# 5.0 и платформа .NET 4.5 для профессионалов,ID 24763888,Вильямс,2 134
7,Minecraft. Полное и исчерпывающее руководство,ID 30656681,Эксмо,670
8,JavaScript. Оптимизация производительности,ID 18421547,Символ-Плюс,1 350
9,Алгоритмы. Руководство по разработке,ID 6290126,БХВ-Петербург,859
10,Разработка требований к программному обеспечению,ID 27995134,БХВ-Петербург,793
11,Adobe Illustrator CS6. Официальный учебный курс (+ CD-ROM),ID 19710906,Эксмо,1 454
12,C# 5.0. Справочник. Полное описание языка,ID 19146325,Вильямс,2 197
13,Создание приложений для Android за 24 часа,ID 31245820,Эксмо,910
14,"PHP. Объекты, шаблоны и методики программирования",ID 5648968,Вильямс,1 390
15,Joomla! Программирование,ID 19902135,Вильямс,1 367
16,C# 4.0. Полное руководство,ID 5532458,Вильямс,1 746
17,Самые знаменитые компьютерные игры,ID 30656899,Эксмо,1 051
18,Android 4. Программирование приложений для планшетных компьютеров и смартфонов,ID 21469100,Эксмо,1 102
19,Современное проектирование на C++,ID 30958012,Вильямс,909
20,Adobe Photoshop CC. Официальный учебный курс (+ DVD-ROM),ID 24884265,Эксмо,1 258
21,C++ для чайников (+ CD-ROM),ID 4788484,Диалектика,547
22,Информационная безопасность и защита информации,ID 25219388,ДМК Пресс,1 175
23,Веб-аналитика 2.0 на практике. Тонкости и лучшие методики (+ CD-ROM),ID 6242106,Диалектика,1 732
24,Приемы объектно-ориентированного проектирования. Паттерны проектирования,ID 20217137,Питер,357
25,Искусство программирования. Том 3. Сортировка и поиск,ID 2527036,Вильямс,2 927
26,"Цифровая фотография. Инструменты мастера (комплект в чемоданчике: 6 книг, DVD-ROM с мастер-классом Майкла Фримана)",ID 5960945,Добрая книга,4 139
27,Разработка веб-приложений с помощью PHP и MySQL,ID 4538872,Вильямс,1 375
28,Дао цифровой фотографии. Искусство создавать удачные фотоснимки,ID 3907504,Добрая книга,1 196
29,Будущее разума,ID 30262588,Альпина нон-фикшн,471
30,"Современные операционные системы
",ID 31649356,Питер,979
31,JavaScript. Карманный справочник,ID 31100361,Вильямс,535
32,Как здорово с ребенком от 1 до 3 лет. Генератор полезных советов,ID 31383751,АСТ,205
33,Программирование на Objective-C,ID 28001113,ЭКОМ Паблишерз,1 572
34,Язык программирования C++. Базовый курс,ID 26348781,Вильямс,2 134
35,Разработка устройств на микроконтроллерах AVR (+ CD-ROM),ID 19134748,Наука и техника,657
36,Большая книга CSS3,ID 24493075,Питер,631
37,Архитектура компьютера и проектирование компьютерных систем,ID 7425447,Питер,947
38,Oracle PL/SQL. Для профессионалов,ID 30293695,Питер,1 911
39,Инфографика. Визуальное представление данных,ID 29855982,Питер,1 130
40,R в действии. Анализ и визуализация данных на языке R,ID 24938069,ДМК Пресс,1 343
41,Паттерны проектирования на платформе .NET,ID 31789305,Питер,647
42,Элементарные шаблоны проектирования,ID 19663357,Вильямс,1 367
43,Алгоритмические трюки для программистов,ID 23968713,Вильямс,1 708
44,Microsoft Exchange Server 2013. Полное руководство,ID 28142558,Вильямс,2 232
45,Формулы в Excel 2013,ID 25254633,Вильямс,2 134
46,Изучаем программирование на JavaScript,ID 31057355,Питер,828
47,"Введение в теорию автоматов, языков и вычислений",ID 31336413,Вильямс,1 396
48,Философия Java,ID 30425811,Питер,1 647
49,Искусство тестирования программ,ID 18319458,Диалектика,1 320
50,Секреты JavaScript ниндзя,ID 22421421,Вильямс,1 166
51,HTML5. Недостающее руководство,ID 18060929,БХВ-Петербург,527
52,Изучаем Python,ID 5730448,Символ-Плюс,3 820
53,UNIX. Профессиональное программирование,ID 27682947,Символ-Плюс,2 889
54,NoSQL. Новая методология разработки нереляционных баз данных,ID 29394696,Вильямс,1 046
55,ASP.NET MVC 5 с примерами на C# 5.0 для профессионалов,ID 29482313,Вильямс,1 920
56,"Создаем динамические веб-сайты с помощью PHP, MySQL, JavaScript, CSS и HTML5",ID 30957824,Питер,1 001
57,Photoshop CS5. Практическое руководство (+ DVD-ROM),ID 6841453,Рид Групп,3 089
58,JavaScript. Шаблоны,ID 6287517,Символ-Плюс,1 801
59,JavaScript для профессиональных веб-разработчиков,ID 31257038,Питер,1 394
60,ASP.NET 4.5 с примерами на C# 5.0 для профессионалов,ID 26199321,Вильямс,2 134
61,"Применение UML 2.0 и шаблонов проектирования. Введение в объектно-ориентированный анализ, проектирование и итеративную разработку",ID 3105480,Вильямс,2 886
62,Программирование на C# 5.0,ID 26443320,Эксмо,2 818
63,Вино из одуванчиков,ID 4735869,Эксмо,143
64,                Моделирование систем. Практикум по компьютерному моделированию                ,ID 28350809,БХВ-Петербург,183
65,Photoshop CS6. Мини-курс,ID 19892979,Наука и техника,258
66,Планшет на Android для ваших родителей,ID 29324949,Наука и техника,283
67,Ассемблер — это просто. Учимся программировать (+ CD-ROM),ID 5813688,БХВ-Петербург,282
68,Android без страха для начинающих,ID 31454715,Эксмо,519
69,Microsoft SQL Server 2014,ID 31350961,БХВ-Петербург,558
70,Практический курс по электронным таблицам MS Excel,ID 1538445,Горячая Линия - Телеком,249
71,На крючке. Как создавать продукты-хиты,ID 30696453,Питер,327
72,Использование ассемблера для оптимизации программ на С++ (+ CD-ROM),ID 1708293,БХВ-Петербург,249
73,Администрирование Unix-сервера и Linux-станций,ID 6133990,Питер,237
74,Начальный курс С и С++,ID 3561679,Диалог-МИФИ,267
75,Программируя Вселенную. Квантовый компьютер и будущее науки,ID 21669927,Альпина нон-фикшн,457
76,Visual Basic на практике (+ CD-ROM),ID 3707128,БХВ-Петербург,322
77,"Excel, VBA, Internet в экономике и финансах",ID 117805,БХВ-Петербург,308
78,"Чистый код: создание, анализ и рефакторинг. Библиотека программиста",ID 21916535,Питер,497
79,Пуленепробиваемый веб-дизайн. Библиотека специалиста,ID 10793233,Питер,459
80,"Как стать специалистом по встраиваемым системам. Пособие для тех, кто хочет заниматься интересным и хорошо оплачиваемым делом",ID 4446092,Додэка XXI,416
81,jQuery Mobile. Разработка приложений для смартфонов и планшетов,ID 20468239,БХВ-Петербург,289
82,Администрирование сети на примерах,ID 3819362,БХВ-Петербург,308
83,Разработка и отладка шейдеров (+ CD-ROM),ID 2619774,БХВ-Петербург,290
84,Программирование ASP.NET средствами VB.NET. Полное руководство,ID 4039672,Век +,449
85,Микрокомпьютеры Raspberry Pi. Практическое руководство,ID 29421707,БХВ-Петербург,319
86,Физика для разработчиков компьютерных игр (+ CD-ROM),ID 7577936,Бином. Лаборатория знаний,413
87,Excel 2007 на практике,ID 4713344,Феникс,89
88,PHP — это просто. Начинаем с видеоуроков (+ CD-ROM),ID 8465472,БХВ-Петербург,173
89,Серверное применение Linux,ID 6209769,БХВ-Петербург,417
90,Visual Basic 2005 и платформа .NET 2.0,ID 3958566,Питер,385
91,"Планшеты на Android без страха для тех, кому за...",ID 30656909,Эксмо,373
92,Веб-мастеринг на 100%,ID 31239282,Питер,613
93,                Призрак в Сети. Мемуары величайшего хакера                ,ID 19050321,Эксмо,509
94,Нейросетевые алгоритмы биометрической идентификации личности. Книга 15,ID 3249795,Радиотехника,454
95,Общаться с ребенком. Как?,ID 849951,АСТ,210
96,                Микроконтроллеры для начинающих                ,ID 32125290,БХВ-Петербург,215
97,Программирование для детей,ID 32092949,"Манн, Иванов и Фербер",829
98,Технология CUDA в примерах. Введение в программирование графических процессоров,ID 31921734,ДМК Пресс,405
99,Финансовый менеджмент в Microsoft Dynamics NAV. Глубокое погружение в мир финансового менеджмента с Microsoft Dynamics NAV,ID 31921736,ЭКОМ Паблишерз,523
100,"Эксплуатация программоуправляемой вычислительной машины ""Искра 226""",ID 32018586,Машиностроение,547
101,Язык управления заданиями,ID 32018591,Мир,451
102,"Компьютерная графика. Динамика, реалистические изображения",ID 32018525,Диалог-МИФИ,831
103,Структурный подход к организации баз данных,ID 32018431,Финансы и статистика,309
104,Язык программирования Turbo Pascal,ID 32018588,Унитех,451
105,Начала компьютерной графики,ID 32018538,Диалог-МИФИ,831
106,Программирование на персональных ЭВМ в среде Турбо-Паскаль,ID 32018550,МГТУ,831
107,                Программист-фанатик                ,ID 32218784,Питер,367
108,Системное программирование для ПРАВЕЦ-16,ID 20883582,Техника,261
109,                IPad для всех!                ,ID 32225914,АСТ,109
110,                Журнал «Мир ПК» №05/2015                ,ID 32220027,МИР ПК,336
111,                ComputerBild №09/2015                ,ID 32220015,Бурда,75
112,                Журнал Computerworld Россия №10/2015                ,ID 32220014,Открытые Системы,120
113,"                Компьютерный самоучитель с нуля. Windows Vista, Microsoft Office 2007, полезные программы                ",ID 32219095,АСТ,69
114,                Веб-мастеринг на 100%                ,ID 32219036,Питер,578
115,                Изучаем программирование на JavaScript                ,ID 32219027,Питер,765
116,                Fast methods for jackknifing inequality indices                ,ID 32219022,Синергия,152
117,                Исследование спроса на труд иностранных мигрантов в российских регионах по поданным заявкам на квоты                ,ID 32219016,Синергия,152
118,                Google Apps для образования                ,ID 32219008,Питер,337
119,Основы программирования для единой системы ЭВМ,ID 32018543,Машиностроение,309
120,Руководство по программированию на языке Модула-2,ID 32018556,Мир,475
121,Большая книга Компьютера,ID 31933654,Эксмо,406
122,Железо IBM,ID 32131320,МикроАрт,540
123,Новейшая энциклопедия. Компьютер и Интернет 2012,ID 32163332,null,270
124,Персональный компьютер и Windows для всех,ID 32131312,Филинъ,388
125,                MSDN Magazine. Журнал для разработчиков. №01/2015                ,ID 32277073,Русская Редакция,200
126,                Журнал Publish №05/2015                ,ID 32277070,ОСП-Паблиш,264
127,                Щегол                ,ID 30376871,Corpus,676
128,                Linux. От новичка к профессионалу (4-е издание)                ,ID 32125289,БХВ-Петербург,295
129,                Windows 8: разработка Metro-приложений для мобильных устройств                ,ID 32125298,БХВ-Петербург,335
130,                1С: Бухгалтерия 8.2 с нуля. 100 уроков для начинающих                ,ID 32125296,БХВ-Петербург,151
131,                USB в электронике                ,ID 32125328,БХВ-Петербург,175
132,                Цифровая обработка сигналов                ,ID 32125327,БХВ-Петербург,311
133,                ComputerBild №08/2015                ,ID 32125325,Бурда,75
134,                Директор информационной службы №03/2015                ,ID 32125323,Открытые Системы,629
135,                Теоретический минимум и алгоритмы цифровой подписи                ,ID 32125334,БХВ-Петербург,231
136,                Microsoft SQL Server 2012                ,ID 32125332,БХВ-Петербург,383
137,                Microsoft Visual Studio 2010                ,ID 32125331,БХВ-Петербург,199
138,                Windows 7 в домашней сети                ,ID 32125336,БХВ-Петербург,127
139,                Delphi XE2                ,ID 32125352,БХВ-Петербург,479
140,                Фотошкола. Композиция снимка и техника цифровой съемки                ,ID 32125351,БХВ-Петербург,583
141,                Ноутбук без страха для начинающих. Самый наглядный самоучитель                ,ID 32125447,Эксмо,219
142,                Печатаем на компьютере вслепую. Простой и понятный самоучитель                ,ID 32125519,Эксмо,59
143,"                Англо-русский словарь сокращений по компьютерным технологиям, информатике, электронике и связи                ",ID 32125576,БХВ-Петербург,303
144,Полный справочник по C++,ID 31924222,Вильямс,956
145,                Госуслуги в Интернете для ваших родителей                ,ID 32126341,БХВ-Петербург,87
146,                CHIP. Журнал информационных технологий. №05/2015                ,ID 32126224,Бурда,90
147,                Журнал Computerworld Россия №08-09/2015                ,ID 32126199,Открытые Системы,120
148,                Новейший самоучитель Android 5 + 256 полезных приложений                ,ID 32125405,Эксмо,149
149,PHP. Рецепты программирования,ID 31507010,Питер,996
150,Цифровая фотография. Практическое руководство для начинающих,ID 32149777,null,333
151,Будущее вещей. Как сказка и фантастика становятся реальностью,ID 32160924,Альпина нон-фикшн,405
152,SCALA для нетерпеливых,ID 31921731,ДМК Пресс,710
153,Twisty Little Passages: An Approach to Interactive Fiction,ID 32104291,The MIT Press,2 513
154,Компьютер. Для моих любимых родителей!,ID 31873340,АСТ,245
155,Elastix - общайтесь свободно!,ID 31921737,ЭКОМ Паблишерз,769
156,Дневник охотника за ошибками. Путешествие через джунгли проблем безопасности программного обеспечения,ID 31921733,ДМК Пресс,405
157,Неотложная помощь. Справочник для родителей. Всегда под рукой,ID 6464237,Клиником,311
158,                Microsoft SQL Server 2012. Основы T-SQL                ,ID 31464683,Эксмо,490
159,                Журнал «Мир ПК» №03/2015                ,ID 31464680,МИР ПК,336
160,                Журнал Computerworld Россия №04/2015                ,ID 31464679,Открытые Системы,120
161,"Основы современного телерадиовещания. Техника, технология и экономика вещательных компаний (+ CD-ROM)",ID 27596130,Горячая Линия - Телеком,492
162,                Самоучитель 3ds Max 2012                ,ID 31454389,БХВ-Петербург,351
163,                Вычислительная линейная алгебра с примерами на MATLAB                ,ID 31454388,БХВ-Петербург,239
164,                Цифровая обработка сигналов. Моделирование в Simulink                ,ID 31454387,БХВ-Петербург,279
165,                JavaFX 2.0. Разработка RIA-приложений                ,ID 31454380,БХВ-Петербург,199
166,                Самоучитель SketchUp                ,ID 31454378,БХВ-Петербург,183
167,                Google App Engine Java и Google Web Toolkit: разработка Web-приложений                ,ID 31454377,БХВ-Петербург,303
168,                Самоучитель Microsoft SharePoint Foundation 2010 и SharePoint Online 365                ,ID 31454375,БХВ-Петербург,111
169,Oracle Database Programming Using Java and Web Services,ID 5358023,Elsevier Digital Press,4 265
170,"Компьютер и ноутбук для тех, кому за... Простой и понятный самоучитель
",ID 31469591,Эксмо,91
171,Язык и мысль. Современная когнитивная лингвистика,ID 31471938,Языки славянской культуры,766
172,Двуликий электронный Янус,ID 31470253,Проспект,286
173,Методы когнитивного анализа семантики слова. Компьютерно-корпусный подход,ID 31471939,Языки славянской культуры,493
174,                Adobe Photoshop CS6 для всех                ,ID 31454371,БХВ-Петербург,319
175,"The Art of Titanfall
",ID 31456840,Titan Books,3 325
176,Безопасный Android. Защищаем свои деньги и данные от кражи,ID 31351035,БХВ-Петербург,173
177,"HTML, скрипты и стили",ID 31350977,БХВ-Петербург,660
178,                Компьютер и ноутбук для любого возраста                ,ID 31609397,АСТ,129
179,Управление торговлей 1С:8.3. Редакция 11.1. Функционал развития,ID 31507649,ДМК Пресс,405
180,Windows 8.1 + Office 2013. Практическое руководство по работе в новейшей системе и офисных программах (+ DVD-ROM),ID 31507502,Наука и техника,481
181,Визуальный самоучитель iPad,ID 31276865,Эксмо,358
182,Android для женщин,ID 31501507,Эксмо,439
183,Самоучитель Windows 8.1 + Office 2013,ID 31507647,Наука и техника,375
184,iPad. Исчерпывающее руководство,ID 31276862,Эксмо,995
185,Компьютер для носорога. Книга 3. Носорог в море данных. Часть 1. Введение в базы данных,ID 31620195,ABF,216
186,"                Компьютер и ноутбук для тех, кому за…                ",ID 31685470,Эксмо,59
187,                CHIP. Журнал информационных технологий. №04/2015                ,ID 31685462,Бурда,90
188,                Журнал Computerworld Россия №05-06/2015                ,ID 31685458,Открытые Системы,120
189,Форма. Развивающие наклейки для малышей,ID 25157503,Мозаика-Синтез,76
190,                ComputerBild №05/2015                ,ID 31464691,Бурда,75
191,                Обучение компьютерной графике с использованием свободно распространяемого программного обеспечения                ,ID 31455968,Синергия,152
192,                Оценка эффективности поисковых операций                ,ID 31455961,Синергия,152
193,"                Информатика вчера, сегодня, завтра. К 85-летию Р. С. Гиляревского (продолжение)                ",ID 31455948,Синергия,152
194,                Классификация сложных изображений на основе семантического графа понятий                ,ID 31455941,Синергия,152
195,                Сбои и ошибки компьютера. Простой и понятный самоучитель                ,ID 31464984,Эксмо,49
196,                Office 365 за 24 часа                ,ID 31465130,Эксмо,199
197,Компьютеры,ID 31651650,Machaon,237
198,Информатика и научнотехнический прогресс,ID 31620182,Наука,216
199,Краткий самоучитель. Ноутбук с Windows 7,ID 31583589,null,333
200,Основы теории информации и кодирования,ID 31511777,Вища школа,333
201,10 уроков на IBM PC,ID 31499673,"Издательство ""Газета""",216
202,Электронный язык,ID 31463338,Государственное издательство физико-математической литературы,259
203,Понятный самоучитель работы в Интернете,ID 31450806,null,118
204,Абсолютно ясно о цифровой фотографии. Учебное пособие,ID 31441953,Триумф,333
205,Новейшая библия пользователя интернета,ID 31304371,null,356
206,Самоучитель Adobe Illustrator CS2,ID 31283936,null,183
207,Начальный курс программирования на языке Форт,ID 31266758,Финансы и статистика,216
208,Понятный самоучитель Интернет,ID 31232316,null,190
209,Принципы проектирования систем визуальной информации,ID 31197591,Мир,356
210,                Как заработать в AppStore                ,ID 31465307,АВ Паблишинг,99
211,                Самоучитель MacBook                ,ID 31457512,АВ Паблишинг,99
212,                Самоучитель iPad Air                ,ID 31457509,АВ Паблишинг,99
213,Revit Structure 2013 Basics: Framing and Documentation,ID 19611615,null,2 907
214,                IPad для женщин                ,ID 31464987,Эксмо,249
215,                Программирование на C для начинающих                ,ID 31465134,Эксмо,399
216,                Информатика и информационные технологии                ,ID 31474854,Научная Книга,39
217,"Oracle Database 11g. Руководство администратора баз данных
",ID 31450818,Вильямс,2 866
218,                Директор информационной службы №02/2015                ,ID 31613854,Открытые Системы,629
219,После трех уже поздно,ID 5575661,Альпина нон-фикшн,274
220,Толковый экспресс-словарь иностранных физико-технических и математических терминов и общенаучных слов (для инженеров),ID 30852741,Ленанд,336
221,                Открытые системы. СУБД №10/2014                ,ID 31121749,Открытые Системы,330
222,Android 4.2. Ключ к пониманию. Руководство пользователя,ID 31051856,Феникс,253
223,Ноутбук и Windows — проще простого!,ID 31115097,Питер,149
224,Ноутбук для женщин,ID 31115098,Питер,279
225,                От кликов к продажам. Как повысить продажи через оптимизацию конверсии                ,ID 30726808,"Манн, Иванов и Фербер",349
226,Анализ и прогнозирование потребности в специалистах по защите информации,ID 31115895,Горячая Линия - Телеком,461
227,"Конечно-элементное моделирование напряженно-деформированного состояния и поврежденности трубчатых элементов конструкций, подвергающихся высокотемпературной водородной коррозии",ID 31115888,Горячая Линия - Телеком,658
228,AutoCAD 2015 (+ DVD),ID 31003630,Наука и техника,805
229,                Изучаем Java EE 7                ,ID 30536743,Питер,725
230,                В стеклянной клетке. Автоматизация и мы                ,ID 31144136,null,149
231,                Программирование в 1С:Предприятие 8.3                ,ID 31144414,Питер,277
232,                ComputerBild №01/2015                ,ID 31144481,Бурда,75
233,"Вычисления, графики и анализ данных в Excel 2013. Самоучитель",ID 31104402,Наука и техника,491
234,                Информатика. Шпаргалка                ,ID 31166859,Научная Книга,99
235,                Информатика и ИКТ. 10–11 класс. Профильный уровень. Часть 2                ,ID 31156599,Дрофа,338
236,                Модернизация компьютера                ,ID 31191444,Научная Книга,159
237,Excel 2013. Полное руководство. Готовые ответы и полезные приемы профессиональной работы. (+ DVD),ID 31104400,Наука и техника,557
238,Моделирование когнитивной эволюции. На пути к теории эволюционного происхождения мышления,ID 31212101,Ленанд,902
239,iPad для всех!,ID 30672414,АСТ,220
240,Компьютер и ноутбук для любого возраста,ID 31186331,АСТ,247
241,"Осваиваем компьютер, ноутбук, планшет, смартфон. Подробный и понятный самоучитель для любого возраста",ID 31166411,"Книжный клуб ""Клуб семейного досуга"". Белгород",382
242,Секретная книга internet-пирата,ID 31214906,Мартин,111
243,                Локальная СУБД своими руками. Учимся на примерах                ,ID 31247478,Солон-Пресс,400
244,Windows 8.1. Все об использовании и настройках. Самоучитель,ID 31214773,Наука и техника,592
245,WinRT. Программирование на C# для профессионалов,ID 27995391,Вильямс,1 176
246,Программируем для iPhone и iPad,ID 27864854,Питер,1 065
247,Ваш ноутбук. Работаем в Windows 8 и Office 2013,ID 27569930,Питер,255
248,Ubuntu и Debian Linux для продвинутых. Более 1000 незаменимых команд,ID 27615153,Питер,893
249,Steinberg Cubase. Создание музыки на компьютере,ID 29421703,БХВ-Петербург,667
250,Windows Server 2012 Hyper-V. Книга рецептов,ID 31239397,ДМК Пресс,680
251,                Планета Вода                ,ID 31364339,Захаров,481
252,Mastering Autodesk Maya 2014,ID 24048071,"John Wiley and Sons, Ltd",5 578
253,NX Advanced Simulation. Практическое пособие,ID 30944524,ДМК Пресс,242
254,Программирование обработки в NX CAM,ID 30944526,ДМК Пресс,687
255,                Журнал Computerworld Россия №31/2014                ,ID 31022921,Открытые Системы,60
256,                Будущее разума                ,ID 31022928,null,329
257,Видеомонтаж в Sony Vegas PRO 13 (+ DVD),ID 30944525,ДМК Пресс,544
258,"Системный анализ и синтез стратегических решений в инноватике. Математические, эвристические и интеллектуальные методы системного анализа и синтеза инноваций. Учебное пособие",ID 30916543,Ленанд,797
259,Node.js. Путеводитель по технологии,ID 30944530,ДМК Пресс,544
260,Использование приложения MS Excel для моделирования различных задач. Практическое пособие,ID 30944533,Солон-Пресс,316
261,                Photoshop CC 2014. Исчерпывающее руководство                ,ID 31014774,null,890
262,"Системный анализ и синтез стратегических решений в инноватике. Математические, эвристические и интеллектуальные методы системного анализа и синтеза инноваций. Учебное пособие",ID 30916542,Ленанд,512
263,                CHIP. Журнал информационных технологий. №01/2015                ,ID 31090808,Бурда,90
264,                ComputerBild №26/2014                ,ID 31090803,Бурда,75
265,                Властелины Doom. Как двое парней создали игровую индустрию и воспитали целое поколение геймеров                ,ID 31047528,"Манн, Иванов и Фербер",349
266,Системная электрофизиология. Системный анализ электрофизиологических процессов,ID 31007120,Либроком,443
267,Photoshop CC 2014. Исчерпывающее руководство (+ CD-ROM),ID 31007864,Эксмо,2 863
268,Новейший самоучитель Windows 8.1 / Windows 10,ID 31004614,Олма Медиа Групп,252
269,Электронные таблицы Excel 2007,ID 29740362,Бином,398
270,"Информационные технологии и вычислительные системы, №4, 2014",ID 31007121,Ленанд,407
271,                CHIP. Журнал информационных технологий. №02/2015                ,ID 31191674,Бурда,90
272,                ComputerBild №02/2015                ,ID 31191673,Бурда,75
273,                Директор информационной службы №12/2014                ,ID 31121751,Открытые Системы,370
274,                Журнал «Мир ПК» №01/2015                ,ID 31090807,МИР ПК,336
275,                Журнал Computerworld Россия №32/2014                ,ID 31090581,Открытые Системы,60
276,                Журнал Publish №12/2014                ,ID 30999553,ОСП-Паблиш,122
277,                Прикладная информатика №5 (53) 2014                ,ID 30962503,Синергия,784
278,ANSYS в руках инженера. Практическое руководство,ID 31007041,Либроком,384
279,Семь моделей конкуренции и параллелизма за семь недель. Раскрываем тайны потоков,ID 31083491,ДМК Пресс,938
280,                Идеально! Как создать и переделать свой сайт. Правильный подход и передовые техники разработки                ,ID 31121582,null,660
281,Цвет. Развивающие наклейки для малышей,ID 25496139,Мозаика-Синтез,76
282,"Знакомство с разработкой мобильных приложений на платформе ""1С:Предприятие 8"" (+ CD)",ID 30078202,1С-Паблишинг,402
283,"Биологический и искусственный разум. Часть 3. Восприятие внешнего мира индивидуальными носителями интеллекта
",ID 30028239,Ленанд,409
284,Компьютер для бухгалтера. 1С: Бухгалтерия  7.7/8.0,ID 30583633,null,132
285,                Компьютер для начинающих. Windows 8 и Office 2013                ,ID 30536742,Питер,170
286,                Изучаем C#                ,ID 30536418,Питер,1 006
287,"                Изучаем HTML, XHTML и CSS                ",ID 30536415,Питер,550
288,Планшеты и смартфоны на Android. Простой и понятный самоучитель,ID 29862262,Эксмо,115
289,"Труды Института системного анализа Российской академии наук. Том 64. Выпуск 3, 2014",ID 29881137,Ленанд,453
290,Professional SharePoint 2013 Development,ID 24047315,"John Wiley and Sons, Ltd",4 042
291,Проектирование. AutoCAD Electrical 2015,ID 29899780,ДМК Пресс,748
292,WordPress For Dummies,ID 30455020,"John Wiley and Sons, Ltd",1 617
293,                Объектно-ориентированное мышление                ,ID 30684405,Питер,399
294,                Программируем для iPhone и iPad                ,ID 30684419,Питер,849
295,                Ноутбук и Windows. Визуальный самоучитель                ,ID 30684608,Питер,190
296,                Компьютер без страха для начинающих. Самый наглядный самоучитель                ,ID 30708409,Эксмо,149
297,                PHP. Быстрый старт                ,ID 30708410,Эксмо,139
298,                Программирование на Java                ,ID 30708407,Эксмо,439
299,"                IPad без страха для тех, кому за…                ",ID 30708098,Эксмо,129
300,                Adobe Dreamweaver CC                ,ID 30706859,Эксмо,349
301,                Как правильно пользоваться компьютером                ,ID 30706843,Эксмо,99
302,Сетецентрические методы компьютерной поддержки управления ликвидацией последствий чрезвычайных ситуаций,ID 30457446,Ленанд,415
303,Информатика и информация. Знаково-символьный аспект,ID 30433834,Бином. Лаборатория знаний,401
304,"Fedora Bible: 2011 (+ DVD-ROM, CD-ROM)",ID 6126060,Wiley,4 132
305,                Фотографируем и обрабатываем снимки с помощью Photoshop                ,ID 30777409,Питер,380
306,                Разработка игр под Android                ,ID 30777411,Питер,430
307,Школа рисования Виктора Запаренко. Рисуем на компьютере,ID 30786082,Нева,634
308,                Персональный компьютер – проще простого!                ,ID 30794317,Питер,99
309,                E-mail маркетинг для творческих людей                ,ID 30837512,Издательские решения,100
310,"                Что делать, если клиент не платит?                ",ID 30851804,Издательские решения,50
311,                Как и когда говорить клиентам «Спасибо»                ,ID 30851802,Издательские решения,50
312,                1С. Управление торговлей 8.3. 100 уроков для начинающих                ,ID 30852161,Эксмо,119
313,PHP. Быстрый старт,ID 29684778,Эксмо,433
314,Программирование на Java,ID 29684769,Эксмо,1 762
315,Интернет без страха для начинающих,ID 30098826,Эксмо,563
316,Самоучитель C++ с задачами и примерами,ID 29865185,Наука и техника,495
317,Компьютер без страха для начинающих. Самый наглядный самоучитель,ID 29684805,Эксмо,441
318,                The Ebook. Книга об электронных книгах                ,ID 30306276,null,79
319,                Журнал «Мир ПК» №11/2014                ,ID 30349017,МИР ПК,198
320,                Журнал Computerworld Россия №26/2014                ,ID 30349024,Открытые Системы,60
321,                Директор информационной службы №10/2014                ,ID 30349022,Открытые Системы,370
322,Базы данных Access 2007,ID 29740361,Бином,389
323,Компьютер для женщин. Самоучитель (+ DVD-ROM),ID 29158227,null,316
324,"Интерактивная машинная графика. Структуры данных, алгоритмы, языки",ID 28861806,Мир,330
325,                HTML5. Разработка приложений для мобильных устройств                ,ID 30445284,Питер,595
326,                Photoshop CC. Понятный самоучитель                ,ID 30445282,Питер,130
327,Программирование для AutoCAD 2013-2015,ID 29899710,ДМК Пресс,680
328,Задачи и методы стохастического программирования,ID 29234476,null,264
329,EJB 3 в действии,ID 29899778,ДМК Пресс,1 587
330,AutoCAD 2014 и AutoCAD LT 2014. Официальный учебный курс,ID 29899776,ДМК Пресс,801
331,AutoCAD Civil 3D 2014. Официальный учебный курс,ID 29899773,ДМК Пресс,866
332,Монтаж и обработка фонограмм и видеозаписей. Работа с компакт-дисками. Практическое руководство,ID 29881190,Либроком,195
333,David Busch's Canon EOS Rebel T3i/600d: Guide to Digital Slr Photography,ID 30275083,Cengage Learning,2 111
334,                Журнал «Мир ПК» №12/2014                ,ID 30911286,МИР ПК,198
335,                Журнал Publish №11/2014                ,ID 30684603,ОСП-Паблиш,122
336,                Графика на JavaScript                ,ID 30486011,Питер,280
337,                Как программировать на Visual C# 2012                ,ID 30491580,Питер,1 236
338,                Открытые системы. СУБД №08/2014                ,ID 30491583,Открытые Системы,330
339,"iPad без страха для тех, кому за...",ID 29684804,Эксмо,397
340,Основы систем баз данных,ID 29357323,Финансы и статистика,416
341,                Журнал Computerworld Россия №27/2014                ,ID 30581937,Открытые Системы,60
342,                Microsoft Windows 8.1. Справочник администратора                ,ID 30855732,Русская Редакция,200
343,СУБД для программиста. Базы данных изнутри,ID 31239371,Соломон,559
344,Autodesk Revit Architecture 2013-2014. Официальный учебный курс,ID 31239403,ДМК Пресс,612
345,Звукорежиссура и запись фонограмм. Профессиональное руководство,ID 31239392,ДМК Пресс,544
346,Spring в действии,ID 31239365,ДМК Пресс,1 300
347,Малые беспилотные летательные аппараты. Теория и практика,ID 31211970,Техносфера,742
348,                СУБД для программиста. Базы данных изнутри                ,ID 31247432,null,600
349,Введение в ZBrush,ID 31239407,ДМК Пресс,1 227
350,Ноутбук и Windows. Визуальный самоучитель,ID 29066947,Питер,282
351,Yii. Сборник рецептов,ID 31239361,ДМК Пресс,1 011
352,Микроконтроллеры? Это же просто! Том 1,ID 31239395,ДМК Пресс,437
353,Системы поллинга. Теория и применение в широкополосных беспроводных сетях,ID 3781931,Техносфера,517
354,iPad для женщин,ID 31245841,Эксмо,455
355,                Применение Moodle 2.3 для организации дистанционной поддержки образовательного процесса                ,ID 31346786,Эдитус,119
356,"Твердотельное моделирование деталей в САD-системах. AutoCAD, КОМПАС-3D, SolidWorks, Inventor, Creo",ID 29855879,Питер,1 060
357,AutoCAD 2015 (+ CD-ROM),ID 29808162,Питер,551
358,Adobe Photoshop CС. Мастер-класс Евгении Тучкевич,ID 29421717,БХВ-Петербург,1 012
359,                Совершенный код. Практическое руководство по разработке программного обеспечения                ,ID 28283395,Русская Редакция,200
360,iPad и iPhone. Cамоучитель Левина в цвете,ID 28078513,Питер,385
361,Практическое использование Common Lisp,ID 29899759,ДМК Пресс,866
362,                Самоучитель Mac OS X 10.7 Lion. Русская версия                ,ID 31454390,БХВ-Петербург,167
363,                Информационные системы в экономике. Шпаргалка                ,ID 31328614,Научная Книга,99
364,                ПК для ветеринарного врача                ,ID 31328781,Научная Книга,99
365,Методологические основы анализа и аттестации уровней зрелости процессов программных проектов в условиях нечеткости,ID 27596780,Горячая Линия - Телеком,492
366,                ASP.NET MVC 4. Разработка реальных веб-приложений с помощью ASP.NET MVC                ,ID 31315288,Вильямс,400
367,                Современный веб-дизайн. Эпоха Веб 3.0                ,ID 31315284,Вильямс,300
368,                Официальное руководство Cisco по подготовке к сертификационным экзаменам CCENT/CCNA ICND1 640-822                ,ID 31315282,Вильямс,600
369,                Программирование. Принципы и практика использования C++                ,ID 31315281,Вильямс,600
370,                C# 5.0. Карманный справочник                ,ID 31315280,Вильямс,400
371,                Ноутбук и Windows – проще простого!                ,ID 31333812,Питер,119
372,                Энциклопедия цифровой фотографии                ,ID 31315279,Вильямс,400
373,Семь навыков высокоэффективных людей. Мощные инструменты развития личности,ID 4749424,Альпина Паблишер,426
374,                Бизнес в интернете для творческих людей                ,ID 30856453,Издательские решения,100
375,                Журнал Computerworld Россия №28/2014                ,ID 30856771,Открытые Системы,60
376,                Интернет для ржавых чайников                ,ID 30866144,АСТ,139
377,Программирование в Erlang,ID 30671701,ДМК Пресс,1 011
378,Проектирование для школьников. Самоучитель,ID 30671707,ДМК Пресс,340
379,Машина Поста,ID 6968341,null,238
380,                Открытые системы. СУБД №09/2014                ,ID 30911294,Открытые Системы,330
381,                Журнал Computerworld Россия №29/2014                ,ID 30911289,Открытые Системы,60
382,                Директор информационной службы №11/2014                ,ID 30911299,Открытые Системы,370
383,Система моделирования и исследования радиоэлектронных устройств Multisim 10,ID 30671715,ДМК Пресс,476
384,Введение в UML от создателей языка,ID 30671695,ДМК Пресс,544
385,"                Выбираем компьютер, ноутбук, планшет, смартфон                ",ID 30932850,Олма Медиа Групп,150
386,Биологический и искусственный разум. Часть 4. Восприятие внешнего мира индивидуальными носителями интеллекта,ID 30705538,Ленанд,327
387,                CHIP. Журнал информационных технологий. №11/2014                ,ID 30948672,Бурда,90
388,                ComputerBild №21/2014                ,ID 30948681,Бурда,75
389,                CHIP. Журнал информационных технологий. №12/2014                ,ID 30948700,Бурда,90
390,                ComputerBild №22/2014                ,ID 30948698,Бурда,75
391,                ComputerBild №24/2014                ,ID 30948709,Бурда,75
392,                ComputerBild №23/2014                ,ID 30948708,Бурда,75
393,ArCon. Дизайн интерьеров и архитектурное моделирование (+ CD-ROM),ID 30949703,null,212
394,                Система визуального и звукового оповещения в управлении группировкой космических аппаратов                ,ID 30962464,Синергия,152
395,                Имитационное моделирование динамической воздушной обстановки в управляемом воздушном пространстве                ,ID 30962462,Синергия,152
396,                Журнал Computerworld Россия №30/2014                ,ID 30962474,Открытые Системы,60
397,                Совместное использование предварительного обучения и дескрипторов в системе распознавания образов                ,ID 30962502,Синергия,152
398,                Нечеткий алгоритм многофакторной оценки рейтинга студента                ,ID 30962510,Синергия,152
399,Testable JavaScript,ID 25358269,O'Reilly Media,1 660
400,Microsoft Windows 8.1. Справочник администратора,ID 29980981,БХВ-Петербург,548
401,Окно в мир Интернета,ID 1434309,У-Фактория,90
402,                ComputerBild №25/2014                ,ID 30999556,Бурда,75
403,                Цветы для Элджернона                ,ID 5083769,Эксмо,157
404,                Журнал «Мир ПК» №02/2015                ,ID 31352939,МИР ПК,336
405,                Журнал Publish №03/2015                ,ID 31685107,ОСП-Паблиш,264
406,                ComputerBild №06/2015                ,ID 31685085,Бурда,75
407,"Информатика. Достижения, перспективы, возможности",ID 31620164,Наука,216
408,Занимательная компьютерная арифметика. Быстрые алгоритмы операций с числами и многочленами,ID 31596422,Либроком,287
409,Экспертные системы. Принципы разработки и программирование (+ CD-ROM),ID 3056423,Вильямс,2 109
410,Компьютер - ваш личный стилист (+ CD-ROM),ID 31692563,null,259
411,"Язык программирования C. Лекции и упражнения
",ID 31649671,Вильямс,1 862
412,"MATLAB. Программирование на С++, С#, Java и VBA",ID 31682995,ДМК Пресс,829
413,Компьютер для детей,ID 31713020,АСТ-Пресс,1 069
414,Самоучитель работы на ноутбуке с Windows 8.1,ID 31693053,Наука и техника,386
415,Печатаем на компьютере вслепую. Простой и понятный самоучитель,ID 31566533,Эксмо,98
416,Принципы работы и система программного обеспечения МП ЕС 2700,ID 31620190,"Главная редакция физико-математической литературы издательства ""Наука""",324
417,"Заводим BeagleBone
",ID 31659565,Амперка,352
418,Социальная информация,ID 31620273,Наука,237
419,                Визуальный самоучитель iPad                ,ID 31773292,Эксмо,149
420,                Компьютер и Интернет. Учиться никогда не поздно                ,ID 31774608,Питер,254
421,                Компьютер + мобильник: эффективное взаимодействие                ,ID 31774620,Питер,32
422,"                Реферат, курсовая, диплом на компьютере                ",ID 31774652,Питер,20
423,                1С:Предприятие 8.3. Бухгалтерия предприятия. Управление торговлей. Управление персоналом                ,ID 31775297,Питер,142
424,                Интернет без напряга                ,ID 31776189,Питер,60
425,                Методы оптимизации. Компьютерные технологии                ,ID 31788161,БХВ-Петербург,343
426,Планшет и смартфон на базе Android для ваших родителей,ID 31619786,БХВ-Петербург,223
427,                Android для женщин                ,ID 31773299,Эксмо,249
428,"                Microsoft Windows Server® 2012 R2: хранение, безопасность, сетевые компоненты. Справочник администратора                ",ID 31773581,Русская Редакция,200
429,                Цифровое фото. Популярный самоучитель                ,ID 31774641,Питер,8
430,                Компьютер для женщин. Изучаем Windows 8                ,ID 31774657,Питер,220
431,                Linux. Системное программирование                ,ID 31775298,Питер,523
432,                AutoCAD 2014                ,ID 31775303,Питер,389
433,Программирование для Android 5. Самоучитель,ID 31619790,БХВ-Петербург,272
434,"                Ошибки, которые не замечает компьютер. Учебное пособие                ",ID 31880497,Флинта,160
435,"                Понедельник начинается в субботу
                ",ID 32167453,Издательский Дом Мещерякова,482
436,Самоучитель Adobe Illustrator CC,ID 31277551,БХВ-Петербург,406
437,Самоучитель CorelDRAW X7,ID 31277550,БХВ-Петербург,355
438,Освой самостоятельно C++ за 21 день,ID 31333010,Вильямс,956
439,Ноутбук для ваших родителей,ID 31277549,БХВ-Петербург,304
440,"                IOS 6 SDK. Разработка приложений для iPhone, iPad и iPod touch                ",ID 31315283,Вильямс,400
441,                Язык программирования С. Лекции и упражнения                ,ID 31315292,Вильямс,600
442,                Первая книга SEO-копирайтера. Как написать текст для поисковых машин и пользователей                ,ID 31382909,Инфра-Инженерия,250
443,Словарь-справочник современных анимационных терминов,ID 31361928,Ленанд,596
444,                ComputerBild №04/2015                ,ID 31378029,Бурда,75
445,Проектирование автоматизированных систем обработки информации и управления (АСОИУ). Учебник,ID 31298550,Бином. Лаборатория знаний,311
446,Практичный планшет на ANDROID. Самоучитель в вопросах и ответах,ID 31384295,Наука и техника,383
447,InterBase и Delphi. Клиент-серверные базы данных,ID 31377041,ДМК Пресс,829
448,Microsoft Windows 10. Первое знакомство,ID 31351010,БХВ-Петербург,173
449,                CorelDRAW X5. Официальное руководство                ,ID 31454392,БХВ-Петербург,391
450,                CHIP. Журнал информационных технологий. №03/2015                ,ID 31454414,Бурда,90
451,                Журнал Computerworld Россия №01-02/2015                ,ID 31454411,Открытые Системы,120
452,                Журнал Computerworld Россия №03/2015                ,ID 31454409,Открытые Системы,120
453,                Математические основы машинного обучения и прогнозирования                ,ID 31454472,МЦНМО,180
454,                Концепция создания обслуживающей корпоративной информационной системы экономического производственно-энергетического кластера                ,ID 31455922,Синергия,152
455,                Программно-вычислительный комплекс для решения задач с конечными группами                ,ID 31455938,Синергия,152
456,                Создание Web-сайта                ,ID 31454367,БХВ-Петербург,383
457,                HTML5                ,ID 31454372,БХВ-Петербург,215
458,                Программирование микроконтроллерных плат Arduino/Freeduino                ,ID 31454573,БХВ-Петербург,151
459,                Цифровая обработка 2D– и 3D-изображений                ,ID 31454584,БХВ-Петербург,391
460,                PHP – это просто. Начинаем с видеоуроков                ,ID 31454583,БХВ-Петербург,111
461,                Информационная система малого предприятия «с нуля»                ,ID 31454580,БХВ-Петербург,167
462,iPad для пенсионеров для чайников,ID 31249528,Диалектика,561
463,Java 8 для чайников,ID 31249416,Диалектика,547
464,                Прикладная информатика №6 (54) 2014                ,ID 31455936,Синергия,784
465,Большой сборник диктантов по русскому языку. С правилами и объяснениями всех тем курса. 1-4 классы,ID 3376633,АСТ,143
466,Apple TV Portable Genius,ID 19611787,Visual,3 601
467,                MSDN Magazine. Журнал для разработчиков. №02/2015                ,ID 32277067,Русская Редакция,200
468,"Новейший самоучитель работы на ПК и ноутбуке. Наглядно, понятно и очень просто",ID 32231670,Рипол Классик,217
469,Java 8. Руководство для начинающих,ID 32167369,Вильямс,1 433
470,Язык программирования Java SE 8. Подробное описание,ID 31953201,Вильямс,1 433
471,Технология BIM. Суть и особенности внедрения информационного моделирования зданий,ID 32225190,ДМК Пресс,637
472,Инженерные расчеты и SolidWorks Simulation,ID 32225184,ДМК Пресс,579
473,Компьютерные вирусы и антивирусы. Взгляд программиста,ID 32225186,ДМК Пресс,829
474,Программирование в Clojure. Практика применения Lisp в мире Java,ID 32225185,ДМК Пресс,1 125
475,LabVIEW для всех,ID 32225188,ДМК Пресс,1 290
476,"Проект ""Феникс"". Роман о том, как DevOps меняет бизнес к лучшему",ID 32211144,Эксмо,487
477,                MSDN Magazine. Журнал для разработчиков. №04/2015                ,ID 32277064,Русская Редакция,200
478,"Как собрать мощный компьютер. Подбор комплектующих, сборка, запуск",ID 32274730,null,166
479,Программирование в среде Windows. Учебный курс,ID 32274440,АСТ,107
480,Унифицированный процесс разработки программного обеспечения,ID 32273917,Питер,950
481,Типы данных в языках программирования и базах данных,ID 32324366,Наука. Сибирское отделение,202
482,                ComputerBild №10/2015                ,ID 32393734,Бурда,75
483,"Android на планшетах и смартфонах, включая Android 5. Cамоучитель Левина в цвете",ID 32405950,Питер,300
484,                Работа на компьютере. Новейший самоучитель 2013                ,ID 32415343,Олма Медиа Групп,50
485,                Android. Новейший самоучитель + 250 лучших программ для смартфонов и планшетов                ,ID 32415340,Олма Медиа Групп,90
486,                Новейший самоучитель Office 2013 и Office 365                ,ID 32415339,Олма Медиа Групп,150
487,Проектирование и конструирование компиляторов,ID 32424388,Финансы и статистика,475
488,Photoshop CS5. Практическое руководство (+ DVD-ROM) -  Уцененный товар - №1,ID 31110407,Рид Групп,2 561
489,                Директор информационной службы №04/2015                ,ID 32492612,Открытые Системы,629
490,Технологии встраивания цифровых водяных знаков в аудиосигнал,ID 32022093,Горячая Линия - Телеком,341
491,                Microsoft Excel 2013. Анализ данных и бизнес-моделирование                ,ID 32511505,Русская Редакция,200
492,                Большая энциклопедия компьютера                ,ID 32503368,Эксмо,199
493,                Фундаментальные основы хакерства. Искусство дизассемблирования                ,ID 32502432,Солон-Пресс,250
494,                Основы языка VHDL                ,ID 32502431,Солон-Пресс,300
495,"                Основы компьютера. Для тех, кто хочет разобраться сам                ",ID 32502423,Солон-Пресс,200
496,"                3,5 дюйма, или Как продавать свои программы через Интернет                ",ID 32502420,Солон-Пресс,200
497,Начала науки о программах,ID 31747331,Финансы и статистика,216
498,Новейший самоучитель Android 5 + 256 полезных приложений,ID 31566449,Эксмо,246
499,Методы оптимизации управления для менеджеров. Компьютерно-ориентированный подход. Учебное пособие,ID 31668777,"Издательский дом ""Дело"" РАНХиГС",774
500,                Построение графиков в Excel: тонкости                ,ID 31819670,Солон-Пресс,69
501,                Открытые системы. СУБД №01/2015                ,ID 31819668,Открытые Системы,560
502,                Журнал Publish №04/2015                ,ID 31819666,ОСП-Паблиш,264
503,                Директор информационной службы №01/2015                ,ID 31867825,Открытые Системы,629
504,                IPad. Исчерпывающее руководство                ,ID 31850396,Эксмо,490
505,"Компьютерные уроки для тех, кому за 50",ID 31818320,АСТ,227
506,                Android без страха для начинающих                ,ID 31893115,Эксмо,299
507,"Простые компьютерные уроки для тех, кому за 50. Компьютер и Интернет - это просто",ID 31818321,АСТ,265
508,                Информатика. 10–11 классы. Базовый и углубленный уровни. Методическое пособие. Рекомендации по составлению рабочих программ                ,ID 31924552,Дрофа,47
509,                Ноутбук: учиться никогда не поздно (3-е издание)                ,ID 31919643,Питер,175
510,                Персональный компьютер: учиться никогда не поздно (3-е издание)                ,ID 31919641,Питер,165
511,Язык программирования C++. Лекции и упражнения,ID 31924225,Вильямс,1 396
512,Смартфоны и планшеты Android. Визуальный самоучитель,ID 31979845,Питер,228
513,Самоучитель AutoCAD 2015,ID 31619789,БХВ-Петербург,355
514,C/C++ и MS Visual C++ 2012 для начинающих,ID 31619788,БХВ-Петербург,385
515,Принципы компьютерного моделирования молекулярных систем,ID 32032267,null,1 188
516,Программист-фанатик,ID 31901152,Питер,380
517,Лексикон. Текстовый процессор,ID 31709988,Гермес,831
518,IT-проекты. Фронтовые очерки,ID 31952448,Символ-Плюс,711
519,                Прикладная информатика №1 (55) 2015                ,ID 32125240,Синергия,784
520,"                «Машины, имитирующие жизнь». Особенность архитектуры таких программных систем                ",ID 32125239,Синергия,152
521,                Самоучитель Blender 2.6                ,ID 32125271,БХВ-Петербург,303
522,                Домашняя звукозапись для начинающих                ,ID 32125279,БХВ-Петербург,167
523,                Самоучитель работы на Macintosh (2-е издание)                ,ID 32125277,БХВ-Петербург,167
524,                Музыкальный компьютер для начинающих                ,ID 32125284,БХВ-Петербург,159
525,                Самоучитель системного администратора (3-е издание)                ,ID 32125283,БХВ-Петербург,175
526,                Информатика и информационные технологии для учащихся школ и колледжей                ,ID 28350808,БХВ-Петербург,127
527,                MSDN Magazine. Журнал для разработчиков. №03/2015                ,ID 32277072,Русская Редакция,200
528,Собираем свой персональный компьютер сами,ID 3375070,Дом печати - Вятка,51
529,7 бесплатных антивирусов для Windows 7 и Windows 8. Самоучитель (+ CD-ROM),ID 26229871,Триумф,140
530,Microsoft Excel 2007. Просто о сложном (+ CD-ROM),ID 3591096,Наука и техника,103
531,Сеть настраиваем своими руками,ID 2872733,Феникс,50
532,Современные источники питания ПК и периферии (+ CD-ROM),ID 5192646,Наука и техника,153
533,Управление проектами в ProjectLibre,ID 31277718,Феникс,231
534,Самоучитель системного администратора,ID 8752099,БХВ-Петербург,348
535,Хакер. Взлом и защита,ID 5155500,Феникс,102
536,Самоучитель Microsoft SharePoint Foundation 2010 и SharePoint Online 365,ID 7605643,БХВ-Петербург,181
537,Office 365 за 24 часа,ID 31276991,Эксмо,325
538,Новейший самоучитель. Общение в интернете,ID 28080143,Олма Медиа Групп,231
539,Азбука хакера 2. Языки программирования для хакеров,ID 2149753,Майор,144
540,Windows 8 — это очень просто!,ID 24301890,Питер,153
541,3ds Max 2013. Лучший самоучитель,ID 19432644,Астрель,265
542,Реестр Windows 7. Книга готовых рецептов. Самоучитель,ID 5630991,Наука и техника,119
543,Самоучитель Joomla!,ID 29231414,БХВ-Петербург,226
544,Самоучитель web-дизайна (+ CD-ROM),ID 4251961,Триумф,197
545,Adobe Photoshop CS5. Лучший самоучитель,ID 6715975,АСТ,307
546,Программирование Win32 API в DELPHI (+ CD-ROM),ID 2459911,БХВ-Петербург,220
547,Сбои и ошибки компьютера. Простой и понятный самоучитель,ID 31155467,Эксмо,117
548,PHP и MySQL. Разработка веб-приложений,ID 31351020,БХВ-Петербург,446
549,Универсальный самоучитель Android для планшетов и смартфонов,ID 27715202,Эксмо,328
550,Microsoft Visual C++ в задачах и примерах,ID 26442769,БХВ-Петербург,252
551,PHP для начинающих,ID 23502506,Питер,329
552,Как найти и скачать в Интернете любые файлы,ID 29980871,БХВ-Петербург,309
553,Microsoft Visual C# в задачах и примерах,ID 29421696,БХВ-Петербург,297
554,"Access 2007 без воды. Все, что нужно для уверенной работы",ID 3770437,Наука и техника,81
555,Азбука хакера 3. Компьютерная вирусология,ID 2503722,Майор,144
556,Азбука хакера 1,ID 1821242,Майор,144
557,"Илон Маск. Tesla, SpaceX и дорога в будущее",ID 32161823,Олимп-Бизнес,917
558,                HTML и CSS на примерах                ,ID 28350806,БХВ-Петербург,103
559,                C/C++ и Borland C++ Builder для начинающих                ,ID 28350804,БХВ-Петербург,167
560,                Microsoft .NET в подлиннике                ,ID 28350802,БХВ-Петербург,175
561,                Самоучитель VBA                ,ID 28350800,БХВ-Петербург,151
562,                PHP 5. Практика создания Web-сайтов                ,ID 28350795,БХВ-Петербург,263
563,                Реляционные базы данных: практические приемы оптимальных решений                ,ID 28350794,БХВ-Петербург,119
564,"                Шины PCI, PCI Express. Архитектура, дизайн, принципы функционирования                ",ID 28350793,БХВ-Петербург,127
565,                Техника защиты компакт-дисков от копирования                ,ID 28350792,БХВ-Петербург,135
566,                Разработка и оформление текстового содержания сайтов                ,ID 28350814,БХВ-Петербург,127
567,                Техника отладки программ без исходных текстов                ,ID 28350813,БХВ-Петербург,215
568,                Microsoft SQL Server 2005 Analysis Services. OLAP и многомерный анализ данных                ,ID 28350812,БХВ-Петербург,335
569,                Криптография. От примитивов к синтезу алгоритмов                ,ID 28350811,БХВ-Петербург,191
570,                Журнал Publish №06/2014                ,ID 28350825,ОСП-Паблиш,122
571,                Журнал Computerworld Россия №14/2014                ,ID 28350819,Открытые Системы,60
572,                Тактика защиты и нападения на Web-приложения                ,ID 28350817,БХВ-Петербург,135
573,                Компьютер для врача                ,ID 28350827,БХВ-Петербург,159
574,                C++ Builder в задачах и примерах                ,ID 28350826,БХВ-Петербург,119
575,                Электронные издания                ,ID 28350883,БХВ-Петербург,143
576,                Самоучитель AutoCAD 2014                ,ID 28351007,Эксмо,176
577,                Визуальная энциклопедия компьютера и ноутбука                ,ID 28351203,Эксмо,410
578,                500 лучших бесплатных приложений для платформы Android                ,ID 28351201,Эксмо,210
579,"                Бесплатные антивирусы и защита компьютера без страха для тех, кому за…                ",ID 28351199,Эксмо,190
580,                Журнал Computerworld Россия №16/2014                ,ID 28351297,Открытые Системы,60
581,                Журнал Computerworld Россия №15/2014                ,ID 28351303,Открытые Системы,60
582,"                Ноутбук. Очень простая книга. Дополнено, исправлено, еще проще и понятнее                ",ID 28351324,АСТ,69
583,"                Простая, положительно полуопределенная оценка асимптотической матрицы ковариаций, состоятельная при наличии гетероскедастичности и автокорреляции                ",ID 28351337,Синергия,152
584,                QuarkXpress 7.0/7.3/8.0 для Windows и Мacintosh                ,ID 28351350,ДМК Пресс,244
585,                Адаптивная фильтрация сигналов: теория и алгоритмы                ,ID 28351664,Техносфера,399
586,                Убить пересмешника...                ,ID 26357878,АСТ,359
587,                Цифровая обработка сигналов                ,ID 28351674,Техносфера,599
588,                Цветной самоучитель Интернета                ,ID 28352843,Эксмо,170
589,"                Ноутбук без страха для тех, кому за…                ",ID 28352841,Эксмо,175
590,                Самоучитель Excel 2013                ,ID 28352839,Эксмо,160
591,                Смартфоны на Android                ,ID 28352847,Эксмо,200
592,                Самоучитель работы на офисном компьютере                ,ID 28352853,Эксмо,180
593,                500 бесплатных лучших программ для компьютера                ,ID 28352851,Эксмо,170
594,                Цветной самоучитель работы на ноутбуке                ,ID 28352849,Эксмо,190
595,                Самоучитель Word 2013                ,ID 28352855,Эксмо,160
596,                Большая энциклопедия компьютера                ,ID 28352857,Эксмо,270
597,"                Решение компьютерных проблем без страха для тех, кому за…                ",ID 28352858,Эксмо,165
598,                Организация многонаправленности иерархического подъема (спуска) и локация по структуре неоднородных знаний (продолжение)                ,ID 28353395,Синергия,152
599,                Методы распознавания образов в компьютерном конструировании неорганических соединений                ,ID 28353399,Синергия,152
600,                Блоги и RSS: интернет-технологии нового поколения                ,ID 28353614,БХВ-Петербург,89
601,                1С:Бухгалтерия 7.7. Решение типичных проблем пользователя                ,ID 28353689,БХВ-Петербург,89
602,                Системное программирование в Windows                ,ID 28353688,БХВ-Петербург,271
603,                Десятипальцевый набор на клавиатуре                ,ID 28353687,БХВ-Петербург,38
604,                Microsoft Word. Комфортная работа с помощью макросов                ,ID 28353701,БХВ-Петербург,143
605,                DirectX и C++. Искусство программирования                ,ID 28353700,БХВ-Петербург,111
606,                Самоучитель MySQL 5                ,ID 28353699,БХВ-Петербург,175
607,                1С:Торговля и склад 7.7                ,ID 28353698,БХВ-Петербург,119
608,                Turbo Pascal. Решение сложных задач                ,ID 28353695,БХВ-Петербург,75
609,                Разработка клиент-серверных приложений в Delphi                ,ID 28353692,БХВ-Петербург,151
610,                Искусство программирования игр на С++                ,ID 28353691,БХВ-Петербург,103
611,                1С 8.2 для начинающих                ,ID 28367966,Эксмо,180
612,"                250 лучших бесплатных программ без страха для тех, кому за…                ",ID 28367965,Эксмо,160
613,Планшетник на Android. Миникурс,ID 28227199,Наука и техника,239
614,                Энциклопедия компьютера и ноутбука. Самый наглядный самоучитель                ,ID 28518955,Эксмо,420
615,                Ноутбук с Windows 8 без страха для начинающих. Самый наглядный самоучитель                ,ID 28519705,Эксмо,225
616,                Просто и понятно осваиваем компьютер                ,ID 28519707,Эксмо,200
617,"                Общение и звонки в Интернете без страха для тех, кому за…                ",ID 28519706,Эксмо,150
618,                До встречи с тобой                ,ID 20468991,Азбука-Аттикус,245
619,                Цифровая обработка изображений                ,ID 28351686,Техносфера,599
620,                Открытые системы. СУБД №05/2014                ,ID 28351784,Открытые Системы,330
621,                Директор информационной службы №06/2014                ,ID 28351790,Открытые Системы,370
622,                Журнал «Мир ПК» №07/2014                ,ID 28351796,МИР ПК,198
623,                Научись уверенно печатать на компьютере за 10 минут в день                ,ID 28351829,Эксмо,69
624,                Ноутбук для ваших родителей                ,ID 28352259,БХВ-Петербург,143
625,                Десятипальцевый метод печати на компьютере                ,ID 28352275,Питер,40
626,                3ds Max Design 2014. Дизайн интерьеров и архитектуры                ,ID 28352277,Питер,380
627,                Понятный самоучитель Excel 2013                ,ID 28352289,Питер,75
628,                Интернет – проще простого!                ,ID 28352302,Питер,95
629,                Разработка приложений для Windows 8 на HTML5 и JavaScript                ,ID 28352309,Питер,365
630,                Большая книга CSS3                ,ID 28352324,Питер,450
631,"                Проектируем интерьер сами. Sweet Home 3D, FloorPlan 3D, Google SketchUp и IKEA Home Planner                ",ID 28352323,Питер,225
632,                Сила Objective-C 2.0. Эффективное программирование для iOS и OS X                ,ID 28352322,Питер,340
633,                Разработка Backbone.js приложений                ,ID 28352325,Питер,599
634,                Ноутбук без напряга. Изучаем Windows 8                ,ID 28352337,Питер,220
635,                100 лучших программ для Android                ,ID 28352333,Питер,150
636,"                Актуальное моделирование, визуализация и анимация в 3ds Max 7.5                ",ID 28352505,БХВ-Петербург,143
637,                Самоучитель Visual FoxPro 9.0                ,ID 28352504,БХВ-Петербург,135
638,"                Сеть на Linux. Проектирование, прокладка, эксплуатация                ",ID 28352509,БХВ-Петербург,87
639,                Нестандартные приемы программирования на Delphi                ,ID 28352508,БХВ-Петербург,239
640,                Уроки MySQL. Самоучитель                ,ID 28352506,БХВ-Петербург,87
641,                AutoLISP и Visual LISP в среде AutoCAD                ,ID 28352511,БХВ-Петербург,263
642,                Разработка конфигураций в среде 1С:Предприятие 7.7                ,ID 28352513,БХВ-Петербург,143
643,                Delphi на примерах                ,ID 28352512,БХВ-Петербург,103
644,                Методическое пособие по информатике для учителей 5-6 классов                ,ID 28352518,БХВ-Петербург,103
645,                Работаем на компьютере без ошибок и проблем                ,ID 28352838,Эксмо,250
646,                Самоучитель Office 2013                ,ID 28352835,Эксмо,180
647,"                IPhone без страха для тех, кому за…                ",ID 28352844,Эксмо,160
648,                Просто и понятно осваиваем Интернет                ,ID 28519708,Эксмо,200
649,"Speech and Computer: Specom'2003: International Workshop: Moscow, Russia: 27-29 October 2003: Proceedings",ID 27978379,Moscow State Linguistic University,718
650,Microsoft Excel 2013. Шаг за шагом,ID 28782471,ЭКОМ Паблишерз,674
651,Simulink. Самоучитель,ID 28801500,ДМК Пресс,1 155
652,OS X Mountain Lion. Руководство пользователя,ID 28897837,null,581
653,                Интернет как иллюзия. Обратная сторона сети                ,ID 28974473,Corpus (АСТ),299
654,                ЕГЭ 2015. Информатика. Тематические тренировочные задания                ,ID 28975216,Эксмо,39
655,                ЕГЭ 2015. Информатика. Сборник заданий                ,ID 28975333,Эксмо,39
656,                ГИА 2015. Информатика. Тематические тренировочные задания. 9 класс                ,ID 28975332,Эксмо,39
657,                Журнал Computerworld Россия №19/2014                ,ID 28975426,Открытые Системы,60
658,                Открытые системы. СУБД №06/2014                ,ID 29036795,Открытые Системы,330
659,                Лучшие бесплатные программы 2011                ,ID 29036824,Олма Медиа Групп,109
660,"                Бесплатный софт 2012 для компьютера, смартфона, планшета. Windows, iPad, iPhone, Android                ",ID 29036849,Олма Медиа Групп,81
661,CSS. Быстрый старт,ID 28085323,Эксмо,425
662,"                Домены. Все, что нужно знать о ключевом элементе Интернета                ",ID 29093314,Эксмо,119
663,3D Photoshop (+ CD-ROM),ID 28085558,Эксмо,1 200
664,Firebird. Руководство разработчика баз данных,ID 28781574,БХВ-Петербург,532
665,"                Компьютер для тех, кому за…                ",ID 29133461,Рипол Классик,99
666,"                Интернет для тех, кому за…                ",ID 29135226,Рипол Классик,99
667,Photoshop для пользователей Lightroom,ID 27977920,Вильямс,1 182
668,                Журнал Computerworld Россия №20/2014                ,ID 29185634,Открытые Системы,60
669,                Директор информационной службы №08/2014                ,ID 29185633,Открытые Системы,370
670,Logic Pro X. Профессиональное музыкальное производство (+ DVD-ROM),ID 28160734,Эком,1 899
671,                Журнал «Мир ПК» №09/2014                ,ID 29240401,МИР ПК,198
672,                Технология и протоколы MPLS                ,ID 29309274,БХВ-Петербург,278
673,                CALL-центры и компьютерная телефония                ,ID 29309273,БХВ-Петербург,278
674,                SOFTSWITCH                ,ID 29309286,БХВ-Петербург,278
675,HTML5. Разработка приложений для мобильных устройств,ID 29327027,Питер,834
676,Музыкальная информатика. Теоретические основы,ID 28747667,ЛКИ,545
677,                Журнал Publish №09/2014                ,ID 29444076,ОСП-Паблиш,122
678,                Журнал Computerworld Россия №21/2014                ,ID 29445244,Открытые Системы,60
679,                Решаем компьютерные проблемы сами. Самый наглядный самоучитель                ,ID 28519709,Эксмо,265
680,                Просто и понятно осваиваем ноутбук                ,ID 28519710,Эксмо,200
681,                Word и Excel без страха для начинающих. Самый наглядный самоучитель                ,ID 28519761,Эксмо,250
682,                Универсальный самоучитель Android для планшетов и смартфонов                ,ID 28519817,Эксмо,99
683,                Журнал Computerworld Россия №17/2014                ,ID 28519852,Открытые Системы,60
684,                Журнал Publish №07-08/2014                ,ID 28519850,ОСП-Паблиш,122
685,                Директор информационной службы №07/2014                ,ID 28526937,Открытые Системы,370
686,                Журнал Computerworld Россия №18/2014                ,ID 28526958,Открытые Системы,60
687,Arduino Home Automation,ID 28527624,Книга по Требованию,3 262
688,                Adobe InDesign CC                ,ID 28566347,Эксмо,449
689,                Журнал «Мир ПК» №08/2014                ,ID 28567075,МИР ПК,198
690,                Adobe After Effects CC                ,ID 28581220,Эксмо,838
691,                Adobe Illustrator CC. Официальный учебный курс                ,ID 28581224,Эксмо,1 000
692,                Adobe Flash CS6                ,ID 28581225,Эксмо,575
693,                Adobe InDesign CS6                ,ID 28581226,Эксмо,788
694,                Adobe Photoshop CC                ,ID 28581230,Эксмо,825
695,                Mobile Usability. Как создавать идеально удобные приложения для мобильных устройств                ,ID 28581231,Эксмо,438
696,                PHP и MySQL. От новичка к профессионалу                ,ID 28581233,Эксмо,525
697,                Большая книга веб-дизайна                ,ID 28588096,Эксмо,688
698,                Программирование на С++                ,ID 28588101,Эксмо,625
699,                Программирование на C# 5.0                ,ID 28588716,Эксмо,1 250
700,                Простой и понятный самоучитель Интернета                ,ID 28588718,Эксмо,50
701,                Статистический анализ данных в психологии. Учебное пособие                ,ID 28634946,Бином. Лаборатория знаний,220
702,                Термодинамический расчет идеализированного цикла поршневого двигателя внутреннего сгорания. Учебное пособие                ,ID 28635257,Бином. Лаборатория знаний,99
703,MySQL Troubleshooting: What To Do When Queries Don't Work,ID 25357807,O'Reilly Media,2 242
704,Speaking JavaScript,ID 28533762,O'Reilly Media,3 420
705,                Микроэлектронные измерительные преобразователи. Учебное пособие                ,ID 28704403,Бином. Лаборатория знаний,500
706,"Теплотехнические этюды с Excel, Mathcad и Интернет",ID 27667033,БХВ-Петербург,371
707,Java SE 8. Вводный курс,ID 27615252,Вильямс,659
708,Большой самоучитель. Компьютер и ноутбук. Все в одной книге,ID 29254512,АСТ,483
709,Интерактивная машинная графика,ID 28159981,Мир,344
710,Языки и методы программирования. Путеводитель по языку С++,ID 29437413,Либроком,317
711,                Разработка программного обеспечения подсистемы реестра РАО и кадастра приповерхностных хранилищ в системе СГУК РВ и РАО                ,ID 29657368,Синергия,152
712,                Интеграция автономных источников данных для исследования свойств полупроводниковых материалов                ,ID 29657367,Синергия,152
713,                Система обеспечения бизнес-процессов расходными материалами на основе облачных технологий                ,ID 29657363,Синергия,152
714,"                Информатика вчера, сегодня, завтра. К 85-летию Р. С. Гиляревского                ",ID 29657360,Синергия,152
715,                Управляющие интеллектуальные системы – знаменательная дата. К 45-летию кафедры № 29 Национального исследовательского ядерного университета «МИФИ»                ,ID 29657380,Синергия,152
716,                Открытые данные: проблемы и решения                ,ID 29657376,Синергия,152
717,                Применение онтологий для создания и эксплуатации хранилищ финансовых данных                ,ID 29657389,Синергия,152
718,                Архитектура оболочек программных систем с порождающими механизмами. Часть 2                ,ID 29657385,Синергия,152
719,                Ресурсосберегающее тестирование знаний на основе облачных технологий                ,ID 29657384,Синергия,152
720,                Архитектура оболочек программных систем с порождающими механизмами. Часть 1                ,ID 29657700,Синергия,152
721,                Методика анализа факторов стоимости интернет-сайта средствами MS Excel                ,ID 29657699,Синергия,152
722,                Компьютер для женщин                ,ID 29658847,Эксмо,89
723,"                Безопасность компьютера. Защита от сбоев, вирусов и неисправностей                ",ID 29659899,Эксмо,99
724,                Исследование зависимости случайных составляющих стохастической производственной функции при оценке технической эффективности                ,ID 29674528,Синергия,152
725,Интернет для чайников,ID 29482097,Диалектика,445
726,Полезный ноутбук для ваших родителей (с Windows 8),ID 29203155,Наука и техника,283
727,Разработка приложений для Android-устройств. Том 1. Базовые принципы,ID 29469416,Лори,939
728,                Журнал Computerworld Россия №23/2014                ,ID 29728476,Открытые Системы,60
729,Компьютер для женщин,ID 29292254,Эксмо,270
730,                Виртуальная звуковая студия MAGIX Samplitude Pro X                ,ID 29765281,БХВ-Петербург,279
731,Разработка цифровых образовательных ресурсов во Flash,ID 29486957,Бином. Лаборатория знаний,268
732,                Азбука программирования в 1С:Предприятие 8.2                ,ID 29821533,БХВ-Петербург,167
733,                JQuery Mobile. Разработка приложений для смартфонов и планшетов                ,ID 29821537,БХВ-Петербург,183
734,                Подготовка электронных публикаций в InDesign CS6                ,ID 29821542,БХВ-Петербург,183
735,                Microsoft SQL Server 2012. Руководство для начинающих                ,ID 29821541,БХВ-Петербург,399
736,                Компьютер для людей с ограниченными возможностями                ,ID 29823242,БХВ-Петербург,159
737,                Инженерная и компьютерная графика                ,ID 29823240,БХВ-Петербург,207
738,                С/С++ и MS Visual C++ 2012 для начинающих                ,ID 29823244,БХВ-Петербург,239
739,SQL для чайников,ID 29482320,Диалектика,602
740,Цифровая фотография. Том 1,ID 29482482,Вильямс,383
741,Язык Турбо Си,ID 28515127,Мир,198
742,                Adobe Photoshop CC                ,ID 29512641,БХВ-Петербург,335
743,                Microsoft Access 2013                ,ID 29512632,БХВ-Петербург,239
744,"                Delphi. Программирование для Windows, OS X, iOS и Android                ",ID 29512660,БХВ-Петербург,359
745,                Adobe Photoshop CC для всех                ,ID 29512649,БХВ-Петербург,335
746,                Adobe Photoshop CS6. Мастер-класс Евгении Тучкевич                ,ID 29512666,БХВ-Петербург,639
747,                Android для пользователя. Полезные программы и советы                ,ID 29512665,БХВ-Петербург,151
748,                AutoCAD 2014                ,ID 29513807,БХВ-Петербург,239
749,                Самоучитель Adobe Illustrator CS6                ,ID 29516015,БХВ-Петербург,247
750,                Microsoft Project 2013 в управлении проектами                ,ID 29516014,БХВ-Петербург,207
751,                Цифровая обработка сигналов и MATLAB                ,ID 29516013,БХВ-Петербург,479
752,Microsoft Project 2010: The Missing Manual,ID 29213167,O'Reilly Media,812
753,                Microsoft Windows 8 для пользователей                ,ID 29517369,БХВ-Петербург,271
754,                Microsoft Windows 8                ,ID 29517367,БХВ-Петербург,135
755,                Разработка приложений для Windows 8 на языке C#                ,ID 29518289,БХВ-Петербург,247
756,RISS. Система управления реляционными базами данных для малых ЭВМ,ID 28515106,Финансы и статистика,360
757,Ноутбуки для пенсионеров для чайников,ID 28885710,Диалектика,642
758,"Better, Faster, Lighter Java",ID 5948570,O'Reilly Media,1 854
759,                Информатика. 11 класс. Углубленный уровень                ,ID 29597237,Дрофа,424
760,                Информатика. 10 класс. Углубленный уровень                ,ID 29597248,Дрофа,424
761,Head First C#,ID 25358353,O'Reilly Media,4 267
762,"Linux Format, №8, август 2014 (+ DVD-ROM)",ID 29374222,Linuxcenter.ru,268
763,                Карьера менеджера IT-проекта. Как устроиться на работу в ведущую технологическую компанию                ,ID 29621790,Питер,470
764,Canon EOS Rebel T3i / 600D: From Snapshots to Great Shots,ID 29213171,Peachpit Press,2 331
765,Введение в кибернетику,ID 29205689,Ленанд,600
766,1С:Предприятие 8.3. Программирование и визуальная разработка на примерах,ID 29231298,БХВ-Петербург,285
767,Компьютер для ваших родителей,ID 29231537,БХВ-Петербург,226
768,                Разработка приложений для Windows Phone 7.5                ,ID 29823246,БХВ-Петербург,239
769,                CHIP. Журнал информационных технологий. №03/2014                ,ID 29972154,Бурда,90
770,"Внедрение ERP-решений на платформе ""1С:Предприятие 8""",ID 29980758,БХВ-Петербург,309
771,                Журнал Computerworld Россия №24/2014                ,ID 30004127,Открытые Системы,60
772,                ComputerBild №03/2014                ,ID 30011912,Бурда,75
773,                ComputerBild №04/2014                ,ID 30011914,Бурда,75
774,                ComputerBild №07/2014                ,ID 30012259,Бурда,75
775,                ComputerBild №05/2014                ,ID 30012258,Бурда,75
776,                ComputerBild №17/2014                ,ID 30012267,Бурда,75
777,                ComputerBild №19/2014                ,ID 30012266,Бурда,75
778,                ComputerBild №16/2014                ,ID 30012265,Бурда,75
779,                ComputerBild №18/2014                ,ID 30012264,Бурда,75
780,                ComputerBild №09/2014                ,ID 30012263,Бурда,75
781,                ComputerBild №10/2014                ,ID 30012262,Бурда,75
782,                ComputerBild №08/2014                ,ID 30012261,Бурда,75
783,                ComputerBild №06/2014                ,ID 30012260,Бурда,75
784,                ComputerBild №14/2014                ,ID 30012610,Бурда,75
785,                ComputerBild №12/2014                ,ID 30012613,Бурда,75
786,                ComputerBild №13/2014                ,ID 30012612,Бурда,75
787,                ComputerBild №15/2014                ,ID 30012611,Бурда,75
788,                ComputerBild №01-02/2014                ,ID 30016753,Бурда,75
789,                Журнал «Мир ПК» №10/2014                ,ID 29846828,МИР ПК,198
790,                ComputerBild №20/2014                ,ID 30011915,Бурда,75
791,                CHIP. Журнал информационных технологий. №10/2014                ,ID 29971515,Бурда,90
792,Oracle NoSQL Database: Real-Time Big Data Management for the Enterprise,ID 24283759,McGraw-Hill Osborne Media,7 621
793,Как правильно пользоваться компьютером,ID 29684787,Эксмо,269
794,                Журнал Computerworld Россия №25/2014                ,ID 30088765,Открытые Системы,60
795,Microsoft Excel 2010. Библия пользователя (+ CD-ROM),ID 29652475,Диалектика,1 136
796,AutoCAD за 14 часов. Курс молодого бойца,ID 29737977,Наука и техника,363
797,                Кошки — мышкой                ,ID 30196737,Питер,268
798,"                Зачем переплачивать? Как сэкономить при покупке ноутбуков, смартфонов, комплектующих и другой техники                ",ID 30218035,Инфра-Инженерия,200
799,                Visual Basic 2012 на примерах                ,ID 29825017,БХВ-Петербург,231
800,                Искусство управления IT-проектами                ,ID 29827692,Питер,279
801,                Командная строка Linux и автоматизация рутинных задач                ,ID 29828305,БХВ-Петербург,183
802,                AutoCAD 2013                ,ID 29828304,БХВ-Петербург,191
803,                PHP и MySQL. Разработка Web-приложений                ,ID 29828302,БХВ-Петербург,343
804,                CorelDRAW X6                ,ID 29828300,БХВ-Петербург,215
805,                Visual C# 2012 на примерах                ,ID 29828306,БХВ-Петербург,239
806,Степени неразрешимости проблемы тождества для конечно-определенных групп,ID 28159043,Наука,396
807,                Открытые системы. СУБД №07/2014                ,ID 29847959,Открытые Системы,330
808,                Директор информационной службы №09/2014                ,ID 29847958,Открытые Системы,370
809,Программирование игр и головоломок,ID 28159863,"Главная редакция физико-математической литературы издательства ""Наука""",240
810,Компьютер - творец,ID 28159440,Мир,317
811,                Компьютер для бабушек и дедушек                ,ID 29881661,АСТ,129
812,                Ноутбук. Новейший самоучитель                ,ID 29893954,Олма Медиа Групп,109
813,"LINUX Format, №6, июнь 2014 (+ DVD-ROM)",ID 29508970,Мезон.Ру,268
814,                Новейший самоучитель. Компьютер + Интернет 2013                ,ID 29900719,Олма Медиа Групп,109
815,                Ноутбук. Новейший самоучитель 2013                ,ID 29900718,Олма Медиа Групп,109
816,                Новейшая энциклопедия. Компьютер и Интернет 2013                ,ID 29900717,Олма Медиа Групп,227
817,                Новейшая энциклопедия. Компьютер и Интернет 2012                ,ID 29901286,Олма Медиа Групп,227
818,Универсальная защита информации. Прецизионная теория информации,ID 28639772,"Издательский дом фонда ""Сталинград""",918
819,                Мобильная разработка. Галерея шаблонов                ,ID 29911222,Питер,340
820,                CHIP. Журнал информационных технологий. №09/2014                ,ID 29971510,Бурда,90
821,                CHIP. Журнал информационных технологий. №08/2014                ,ID 29971512,Бурда,90
822,                CHIP. Журнал информационных технологий. №07/2014                ,ID 29971511,Бурда,90
823,                CHIP. Журнал информационных технологий. №05/2014                ,ID 29971841,Бурда,90
824,                CHIP. Журнал информационных технологий. №06/2014                ,ID 29971840,Бурда,90
825,                CHIP. Журнал информационных технологий. №01/2014                ,ID 29972158,Бурда,90
826,                CHIP. Журнал информационных технологий. №02/2014                ,ID 29972156,Бурда,90
827,                CHIP. Журнал информационных технологий. №04/2014                ,ID 29972155,Бурда,90
828,                Бродский среди нас                ,ID 31653592,АСТ,315
829,Microsoft SQL Server 2012. Высокопроизводительный код T-SQL. Оконные функции,ID 19604018,Русская Редакция,400
830,Сила JavaScript. 68 способов эффективного использования JS,ID 20413530,Питер,368
831,Microsoft Project 2013 в управлении проектами,ID 24135956,БХВ-Петербург,334
832,Linux глазами хакера (+ CD-ROM),ID 5217643,БХВ-Петербург,514
833,Minecraft. Руководство по красному камню,ID 31133432,Эгмонт Россия Лтд.,283
834,Объектно-ориентированное программирование в С++,ID 5410595,Питер,1 020
835,Обучение с подкреплением,ID 7107485,Бином. Лаборатория знаний,750
836,WordPress для профессионалов. Разработка и дизайн сайтов,ID 26395059,Питер,847
837,Самоучитель Access 2007. 100% результат уверенной работы,ID 3795633,Наука и техника,253
838,Excel 2013. Пошаговый самоучитель + справочник пользователя,ID 25417455,Наука и техника,538
839,"Типографика. Шрифт, верстка, дизайн",ID 23978375,БХВ-Петербург,667
840,CCNP. Настройка коммутаторов. Учебное руководство,ID 31172908,Лори,562
841,Ваш MacBook Air может больше. Практическое руководство по использованию самого легкого ноутбука от Apple,ID 20214830,"Манн, Иванов и Фербер",802
842,Искусство цифровой фотографии,ID 5526786,Добрая книга,1 046
843,Программирование на С микроконтроллеров PIC24 (+ CD-ROM),ID 4510462,МК-Пресс,697
844,RFID. 1 технология – 1000 решений. Практические примеры использования RFID в различных областях,ID 29863331,Альпина Паблишер,581
845,Путь аналитика. Практическое руководство IT-специалиста,ID 31763045,Питер,342
846,Excel для профессионалов,ID 25100485,АСТ,352
847,Программирование микроконтроллеров ATMEL на языке C (+ CD-ROM),ID 19602225,МК-Пресс,752
848,Программирование боевого софта под Linux (+ CD-ROM),ID 3081458,БХВ-Петербург,308
849,Microsoft Office Word 2010. Русская версия,ID 19383909,ЭКОМ Паблишерз,735
850,Внутреннее устройство Microsoft Windows. Основные подсистемы ОС,ID 26400700,Питер,1 365
851,Linux с нуля. Версия 7.3,ID 23816464,ДМК Пресс,755
852,C# 5.0. Карманный справочник,ID 19146293,Вильямс,542
853,Идеальная экспозиция. Профессиональное практическое руководство по созданию безупречных цифровых фотографий даже в самых сложных условиях съемки,ID 6291844,Добрая книга,1 165
854,Развертывание и настройка Windows Server 2008. Учебный курс Microsoft (+ CD-ROM),ID 4078078,Русская Редакция,757
855,Жемчужины проектирования алгоритмов. Функциональный подход,ID 30944531,ДМК Пресс,680
856,Новейшая энциклопедия. Компьютер и Интернет 2015,ID 29966096,Олма Медиа Групп,516
857,Dishonored. Архивы Дануолла,ID 31584596,Dark Horse Books,1 790
858,Adobe Flash CC. Официальный учебный курс (+ CD-ROM),ID 28640240,Эксмо,1 237
859,"Microsoft Windows Server 2012 R2. Хранение, безопасность, сетевые компоненты. Справочник администратора",ID 31277552,Русская Редакция,579
860,Minecraft. Руководство для начинающих,ID 31133421,Эгмонт Россия Лтд.,283
861,"Онтологии и тезаурусы. Модели, инструменты, приложения. Учебное пособие",ID 5035099,Интернет-университет информационных технологий,312
862,Разработка игр для iPhone и iPad,ID 19604162,Питер,540
863,Ассемблер на примерах,ID 4579142,Наука и техника,193
864,Сайт на AJAX под ключ. Готовое решение для интернет-магазина,ID 7449683,БХВ-Петербург,408
865,Умный дизайн. Простые приемы разработки пользовательских интерфейсов,ID 16905899,Питер,411
866,Секреты флэшек и винчестеров USB,ID 4624987,БХВ-Петербург,324
867,Java EE 7. Основы,ID 27933274,Вильямс,642
868,Локальные сети. Модернизация и поиск неисправностей,ID 4307207,БХВ-Петербург,559
869,Наглядная статистика. Используем R!,ID 7952180,ДМК Пресс,559
870,CSS3. Руководство разработчика,ID 8465610,БХВ-Петербург,409
871,Самоучитель С#. Начала программирования,ID 19711564,Наука и техника,544
872,Шифропанки. Свобода и будущее Интернета,ID 26176303,Азбука,577
873,Адаптивный дизайн. Делаем сайты для любых устройств,ID 21098804,Питер,578
874,PowerShell как средство автоматического администрирования,ID 17569241,ДМК Пресс,503
875,SQL за 10 минут,ID 24903260,Вильямс,253
876,Photoshop CS6. Учимся на практике,ID 20413488,Питер,439
877,Программирование и отладка С/С++ приложений для микроконтроллеров ARM,ID 22585493,ДМК Пресс,419
878,Командная строка Linux и автоматизация рутинных задач,ID 27257041,БХВ-Петербург,363
879,Java для чайников,ID 8781336,Вильямс,556
880,Photoshop CS6 на 100%,ID 18522788,Питер,317
881,Искусство программирования. Том 4. Выпуск 3. Генерация всех сочетаний и разбиений,ID 3569844,Вильямс,415
882,Заводим Raspberry Pi,ID 26894937,Амперка,509
883,Sony Vegas 11. Профессиональный видеомонтаж (+ DVD-ROM),ID 19083498,Наука и техника,667
884,Просто о Visual Basic 2008 (+ DVD-ROM),ID 4499268,БХВ-Петербург,687
885,Документирование программного обеспечения. В помощь техническому писателю. Учебное пособие,ID 30457526,Ленанд,374
886,Windows 8.1 для чайников,ID 27615206,Вильямс,557
887,AutoCAD 2015. Официальная русская версия. Эффективный самоучитель,ID 30998167,Наука и техника,656
888,Изучаем Arduino. Инструменты и методы технического волшебства,ID 31350922,БХВ-Петербург,386
889,Программируем на Python,ID 25308826,Питер,892
890,Microsoft Visio 2010. Русская версия,ID 6845816,ЭКОМ Паблишерз,686
891,Photoshop CS6 для чайников,ID 19074980,Диалектика,687
892,Анализ алгоритмов. Активный обучающий подход,ID 4523340,Техносфера,625
893,"Мифический человеко-месяц, или Как создаются программные системы",ID 83760,Символ-Плюс,1 350
894,Дизайн с помощью Adobe Creative Cloud. Официальный учебный курс (+ DVD-ROM),ID 28085559,Эксмо,1 315
895,Разработка игр под Android,ID 27960228,Питер,635
896,"Бортовые компьютеры, программное обеспечение и полетные операции. Введение",ID 30967865,Техносфера,879
897,PHP и MySQL. Карманный справочник,ID 22261206,Вильямс,561
898,Изучаем Java EE 7,ID 27663406,Питер,1 137
899,Call of Duty: Ghosts: Limited Edition Strategy Guide,ID 27361197,Brady Games,1 826
900,Microsoft SQL Server 2012. Руководство для начинающих,ID 19688054,БХВ-Петербург,657
901,Microsoft Project 2013. Русская версия,ID 24811494,ЭКОМ Паблишерз,924
902,OpenGL 4. Язык шейдеров. Книга рецептов,ID 31377043,ДМК Пресс,768
903,HTML5 и CSS3. Веб-разработка по стандартам нового поколения,ID 25150968,Питер,453
904,3ds Max 2014,ID 26341051,БХВ-Петербург,489
905,"Раскрутка сайтов. Основы, секреты, трюки",ID 31013093,БХВ-Петербург,471
906,Java 8. Карманный справочник,ID 30196193,Вильямс,383
907,Как тестируют в Google,ID 24868052,Питер,722
908,HTML5. Для профессионалов,ID 30980185,Питер,872
909,Веб-дизайн. Книга идей веб-разработчика,ID 23904324,Питер,897
910,Adobe After Effects CC. Официальный учебный курс (+ DVD-ROM),ID 25563825,Эксмо,1 317
911,JavaServer Faces,ID 5807786,Вильямс,1 367
912,Классика программирования. Путешествие по исторической статье Тьюринга о вычислимости и машинах Тьюринга,ID 27292826,ДМК Пресс,1 007
913,"Гибкое управление проектами и продуктами 
",ID 30003058,Питер,595
914,От кликов к продажам. Как повысить продажи через оптимизацию конверсии,ID 30307413,"Манн, Иванов и Фербер",811
915,Microsoft Excel 2010. Библия пользователя (+ CD-ROM),ID 6095189,Диалектика,1 402
916,Регулярные выражения. Сборник рецептов,ID 31658092,Символ-Плюс,1 554
917,Инструментарий хакера,ID 26341004,БХВ-Петербург,399
918,Властелины Doom. Как двое парней создали игровую индустрию и воспитали целое поколение геймеров,ID 31012989,"Манн, Иванов и Фербер",606
919,Node.js в действии,ID 29421843,Питер,1 041
920,Пользовательские истории. Гибкая разработка программного обеспечения,ID 17562725,Вильямс,1 084
921,FreeBSD. От новичка к профессионалу,ID 18815296,БХВ-Петербург,617
922,С++ для начинающих. Шаг за шагом,ID 5089079,ЭКОМ Паблишерз,758
923,Функции в Microsoft Office Excel 2010 (+ CD-ROM),ID 5588015,Диалектика,1 092
924,Современный веб-дизайн. Настольный и мобильный,ID 27615163,Вильямс,549
925,"Машинное обучение. Наука и искусство построения алгоритмов, которые извлекают знания из данных. Учебник",ID 31683007,ДМК Пресс,1 185
926,Программирование для Microsoft Windows 8,ID 23773674,Питер,1 310
927,Qt 5.3. Профессиональное программирование на C++,ID 31619787,БХВ-Петербург,676
928,Microsoft SQL Server 2012. Создание запросов. Учебный курс Microsoft (+ CD-ROM),ID 24931129,Русская Редакция,958
929,Проектирование сетевой инфраструктуры Windows Server 2008. Учебный курс Microsoft (+ CD-ROM),ID 7548228,Русская Редакция,879
930,Microsoft Office 2013 для чайников,ID 23968651,Диалектика,542
931,WebGL. Программирование трехмерной графики,ID 31239396,ДМК Пресс,1 083
932,Полное руководство Windows 8.1. (+ DVD-ROM),ID 31281312,Наука и техника,590
933,Программирование на С++ глазами хакера (+ CD-ROM),ID 4251392,БХВ-Петербург,366
934,Ubuntu для всех (+ DVD-ROM),ID 5813719,БХВ-Петербург,559
935,Python 3 и PyQt. Разработка приложений,ID 7548553,БХВ-Петербург,802
936,Графический дизайн. Мастер-класс,ID 18558020,РИП-Холдинг,1 155
937,С для программистов с введением в С11,ID 26097541,ДМК Пресс,1 091
938,Java. Новое поколение разработки,ID 24133566,Питер,889
939,Мониторинг и анализ сетей. Методы выявления неисправностей,ID 19446661,Лори,693
940,CCNA: Cisco Certified Network Associate. Учебное руководство,ID 26323060,Лори,867
941,Основы разработки веб-приложений,ID 30272391,Питер,581
942,Сила Objective-C 2.0. Эффективное программирование для iOS и OS X,ID 24752184,Питер,622
943,Microsoft SQL Server 2012. Основы T-SQL,ID 31231023,Эксмо,1 113
944,Компьютер глазами хакера,ID 7968118,БХВ-Петербург,250
945,Программирование на C для начинающих,ID 31336462,Эксмо,746
946,Microsoft SQL Server 2012. Справочник администратора,ID 21073081,Русская Редакция,787
947,Microsoft Windows Server 2012. Справочник администратора,ID 24894312,Русская Редакция,832
948,Внедрение зависимостей в .NET,ID 22104901,Питер,966
949,160 развивающих игр для детей от рождения до трех лет,ID 22444254,Альпина нон-фикшн,319
950,Руководство для программиста на Java. 75 рекомендаций по написанию надежных и защищенных программ,ID 26988526,Вильямс,1 355
951,Защита информации ограниченного доступа от утечки по техническим каналам,ID 31115889,Горячая Линия - Телеком,1 258
952,Изучаем Haskell. Библиотека программиста,ID 30425643,Питер,1 115
953,"Язык С в XXI веке
",ID 31083556,ДМК Пресс,866
954,Идеальная разработка ПО. Рецепты лучших программистов,ID 7248898,Питер,416
955,Разработка одностраничных веб-приложений,ID 25457206,ДМК Пресс,1 405
956,Android для разработчиков,ID 31239314,Питер,812
957,Rails 4. Гибкая разработка веб-приложений,ID 26011201,Питер,947
958,Python. Карманный справочник,ID 29482207,Вильямс,428
959,Дневник дизайнера-маньяка,ID 26618504,Издательство Студии Артемия Лебедева,1 530
960,Изучай Erlang во имя добра!,ID 28953563,ДМК Пресс,1 298
961,UX-дизайн. Практическое руководство по проектированию опыта взаимодействия,ID 5633263,Символ-Плюс,1 179
962,iOS. Приемы программирования,ID 27393160,Питер,1 550
963,Новейшая энциклопедия. Компьютер и Интернет 2014,ID 22103852,Олма Медиа Групп,524
964,Большая книга веб-дизайна (+ CD-ROM),ID 19042462,Эксмо,1 484
965,Программирование на языке Lua,ID 26893654,ДМК Пресс,1 007
966,Java. Руководство для начинающих,ID 17562834,Вильямс,791
967,Архитектура компьютера,ID 20032936,Питер,858
968,Алгоритмы. Вводный курс,ID 24903185,Вильямс,642
969,Психбольница в руках пациентов,ID 4710758,Символ-Плюс,1 520
970,TCP / IP. Архитектура. Протоколы. Реализация,ID 25684663,Лори,973
971,Adobe Illustrator CC. Официальный учебный курс (+ CD),ID 25397176,Эксмо,1 753
972,"Программирование для iOS 7. Основы Objective-C, Xcode и Cocoa",ID 26348798,Вильямс,1 084
973,Настольная книга веб-дизайнера,ID 19430736,Питер,839
974,Самоучитель 3ds Max 2014,ID 27667029,БХВ-Петербург,524
975,Java. Библиотека профессионала. Том 2. Расширенные средства программирования,ID 25151190,Вильямс,1 237
976,PHP и MySQL. Исчерпывающее руководство,ID 26338474,Питер,661
977,Сводные таблицы в Microsoft Excel 2013,ID 24903251,Вильямс,1 708
978,C# для профессионалов. Тонкости программирования,ID 27933250,Вильямс,1 559
979,Хакинг. Искусство эксплойта,ID 4833854,Символ-Плюс,1 350
